;;;TRATO POR CURRAL;;;;;;;;;;;
Id. Carregamento;Curral;Lote;;Trato;Peso Abastecido (kg);Dieta;;Data;Hora;Vagão;Tratador;Carregamento;%MS Dieta Real;%Ndt Dieta Real
166016150000000;19;19-G3-25;;1;225,0000;ADAP SORGO MILHETO/16/07/25.;;01/09/2025;08:16:26;BAHMAN;AGUSTIN LOPEZ;3 - ADAP SORGO MILHETO/16/07/25. - BAHMAN - 2025-09-01 08:10;42,40%;74,22%
166016150000000;24;24-G2-25;;1;175,0000;ADAP SORGO MILHETO/16/07/25.;;01/09/2025;08:17:30;BAHMAN;AGUSTIN LOPEZ;3 - ADAP SORGO MILHETO/16/07/25. - BAHMAN - 2025-09-01 08:10;42,40%;74,22%
166016150000000;25;25-G2-25;;1;265,0000;ADAP SORGO MILHETO/16/07/25.;;01/09/2025;08:17:56;BAHMAN;AGUSTIN LOPEZ;3 - ADAP SORGO MILHETO/16/07/25. - BAHMAN - 2025-09-01 08:10;42,40%;74,22%
166016150000000;27;27-G2-25;;1;260,0000;ADAP SORGO MILHETO/16/07/25.;;01/09/2025;08:18:27;BAHMAN;AGUSTIN LOPEZ;3 - ADAP SORGO MILHETO/16/07/25. - BAHMAN - 2025-09-01 08:10;42,40%;74,22%
166016150000000;28;28-G2-25;;1;250,0000;ADAP SORGO MILHETO/16/07/25.;;01/09/2025;08:18:45;BAHMAN;AGUSTIN LOPEZ;3 - ADAP SORGO MILHETO/16/07/25. - BAHMAN - 2025-09-01 08:10;42,40%;74,22%
166016150000000;29;29-G2-25;;1;240,0000;ADAP SORGO MILHETO/16/07/25.;;01/09/2025;08:19:03;BAHMAN;AGUSTIN LOPEZ;3 - ADAP SORGO MILHETO/16/07/25. - BAHMAN - 2025-09-01 08:10;42,40%;74,22%
166016150000000;36;36-G3-25;;1;375,0000;ADAP SORGO MILHETO/16/07/25.;;01/09/2025;08:31:37;BAHMAN;AGUSTIN LOPEZ;3 - ADAP SORGO MILHETO/16/07/25. - BAHMAN - 2025-09-01 08:10;42,40%;74,22%
166016150000000;50;50-G2-25;;1;325,0000;ADAP SORGO MILHETO/16/07/25.;;01/09/2025;08:29:18;BAHMAN;AGUSTIN LOPEZ;3 - ADAP SORGO MILHETO/16/07/25. - BAHMAN - 2025-09-01 08:10;42,40%;74,22%
166016150000000;51;51-G2-25;;1;240,0000;ADAP SORGO MILHETO/16/07/25.;;01/09/2025;08:28:56;BAHMAN;AGUSTIN LOPEZ;3 - ADAP SORGO MILHETO/16/07/25. - BAHMAN - 2025-09-01 08:10;42,40%;74,22%
166016150000000;54;54-G2-25;;1;280,0000;ADAP SORGO MILHETO/16/07/25.;;01/09/2025;08:28:17;BAHMAN;AGUSTIN LOPEZ;3 - ADAP SORGO MILHETO/16/07/25. - BAHMAN - 2025-09-01 08:10;42,40%;74,22%
166016150000000;58;58-G2-25;;1;305,0000;ADAP SORGO MILHETO/16/07/25.;;01/09/2025;08:22:47;BAHMAN;AGUSTIN LOPEZ;3 - ADAP SORGO MILHETO/16/07/25. - BAHMAN - 2025-09-01 08:10;42,40%;74,22%
166016150000000;67;67-G2-25;;1;305,0000;ADAP SORGO MILHETO/16/07/25.;;01/09/2025;08:24:45;BAHMAN;AGUSTIN LOPEZ;3 - ADAP SORGO MILHETO/16/07/25. - BAHMAN - 2025-09-01 08:10;42,40%;74,22%
166016150000000;68;68-G2-25;;1;350,0000;ADAP SORGO MILHETO/16/07/25.;;01/09/2025;08:25:08;BAHMAN;AGUSTIN LOPEZ;3 - ADAP SORGO MILHETO/16/07/25. - BAHMAN - 2025-09-01 08:10;42,40%;74,22%
166016150000000;69;69-G2-25;;1;305,0000;ADAP SORGO MILHETO/16/07/25.;;01/09/2025;08:25:29;BAHMAN;AGUSTIN LOPEZ;3 - ADAP SORGO MILHETO/16/07/25. - BAHMAN - 2025-09-01 08:10;42,40%;74,22%
166016150000000;70;70-G2-25;;1;280,0000;ADAP SORGO MILHETO/16/07/25.;;01/09/2025;08:25:52;BAHMAN;AGUSTIN LOPEZ;3 - ADAP SORGO MILHETO/16/07/25. - BAHMAN - 2025-09-01 08:10;42,40%;74,22%
166016150000000;66;66-G1-25;;1;195,0000;ADAP SORGO MILHETO/16/07/25.;;01/09/2025;08:24:21;BAHMAN;AGUSTIN LOPEZ;3 - ADAP SORGO MILHETO/16/07/25. - BAHMAN - 2025-09-01 08:10;42,40%;74,22%
166015910000000;15;15-G1-25;;1;410,0000;CRECIMIENTO SORGO.19/08/2025;;01/09/2025;07:51:35;BAHMAN;AGUSTIN LOPEZ;2 - CRECIMIENTO SORGO.19/08/2025 - BAHMAN - 2025-09-01 07:29;43,35%;77,05%
166015910000000;16;16-G2-25;;1;380,0000;CRECIMIENTO SORGO.19/08/2025;;01/09/2025;07:51:55;BAHMAN;AGUSTIN LOPEZ;2 - CRECIMIENTO SORGO.19/08/2025 - BAHMAN - 2025-09-01 07:29;43,35%;77,05%
166015910000000;21;21-G2-25;;1;420,0000;CRECIMIENTO SORGO.19/08/2025;;01/09/2025;07:53:06;BAHMAN;AGUSTIN LOPEZ;2 - CRECIMIENTO SORGO.19/08/2025 - BAHMAN - 2025-09-01 07:29;43,35%;77,05%
166015910000000;22;22-G2-25;;1;410,0000;CRECIMIENTO SORGO.19/08/2025;;01/09/2025;07:53:40;BAHMAN;AGUSTIN LOPEZ;2 - CRECIMIENTO SORGO.19/08/2025 - BAHMAN - 2025-09-01 07:29;43,35%;77,05%
166015910000000;34;34-G2-25;;1;755,0000;CRECIMIENTO SORGO.19/08/2025;;01/09/2025;07:46:23;BAHMAN;AGUSTIN LOPEZ;2 - CRECIMIENTO SORGO.19/08/2025 - BAHMAN - 2025-09-01 07:29;43,35%;77,05%
166015910000000;43;43-G3-25;;1;420,0000;CRECIMIENTO SORGO.19/08/2025;;01/09/2025;07:44:57;BAHMAN;AGUSTIN LOPEZ;2 - CRECIMIENTO SORGO.19/08/2025 - BAHMAN - 2025-09-01 07:29;43,35%;77,05%
166015910000000;44;44-G3-25;;1;510,0000;CRECIMIENTO SORGO.19/08/2025;;01/09/2025;07:44:40;BAHMAN;AGUSTIN LOPEZ;2 - CRECIMIENTO SORGO.19/08/2025 - BAHMAN - 2025-09-01 07:29;43,35%;77,05%
166015910000000;45;45-G3-25;;1;485,0000;CRECIMIENTO SORGO.19/08/2025;;01/09/2025;07:44:24;BAHMAN;AGUSTIN LOPEZ;2 - CRECIMIENTO SORGO.19/08/2025 - BAHMAN - 2025-09-01 07:29;43,35%;77,05%
166015910000000;59;59-G2-25;;1;270,0000;CRECIMIENTO SORGO.19/08/2025;;01/09/2025;07:33:41;BAHMAN;AGUSTIN LOPEZ;2 - CRECIMIENTO SORGO.19/08/2025 - BAHMAN - 2025-09-01 07:29;43,35%;77,05%
166015910000000;60;60-G2-25;;1;330,0000;CRECIMIENTO SORGO.19/08/2025;;01/09/2025;07:33:23;BAHMAN;AGUSTIN LOPEZ;2 - CRECIMIENTO SORGO.19/08/2025 - BAHMAN - 2025-09-01 07:29;43,35%;77,05%
166015910000000;61;61-G2-25;;1;290,0000;CRECIMIENTO SORGO.19/08/2025;;01/09/2025;07:33:03;BAHMAN;AGUSTIN LOPEZ;2 - CRECIMIENTO SORGO.19/08/2025 - BAHMAN - 2025-09-01 07:29;43,35%;77,05%
166015910000000;62;62-G1-25;;1;335,0000;CRECIMIENTO SORGO.19/08/2025;;01/09/2025;07:32:43;BAHMAN;AGUSTIN LOPEZ;2 - CRECIMIENTO SORGO.19/08/2025 - BAHMAN - 2025-09-01 07:29;43,35%;77,05%
166015910000000;71;71-G1-25;;1;1055,0000;CRECIMIENTO SORGO.19/08/2025;;01/09/2025;07:37:02;BAHMAN;AGUSTIN LOPEZ;2 - CRECIMIENTO SORGO.19/08/2025 - BAHMAN - 2025-09-01 07:29;43,35%;77,05%
166015910000000;72;72-G1-25;;1;1515,0000;CRECIMIENTO SORGO.19/08/2025;;01/09/2025;07:38:53;BAHMAN;AGUSTIN LOPEZ;2 - CRECIMIENTO SORGO.19/08/2025 - BAHMAN - 2025-09-01 07:29;43,35%;77,05%
166015910000000;74;74-G1-25;;1;545,0000;CRECIMIENTO SORGO.19/08/2025;;01/09/2025;07:40:21;BAHMAN;AGUSTIN LOPEZ;2 - CRECIMIENTO SORGO.19/08/2025 - BAHMAN - 2025-09-01 07:29;43,35%;77,05%
166016400000000;75;75-G2-25;;1;2470,0000;RECRIA FEMEA 08/08/2025;;01/09/2025;08:58:47;BAHMAN;AGUSTIN LOPEZ;4 - RECRIA FEMEA 08/08/2025 - BAHMAN - 2025-09-01 08:51;35,18%;63,93%
166016400000000;LOTE SILO;LOTE SILO;;1;1160,0000;RECRIA FEMEA 08/08/2025;;01/09/2025;09:14:24;BAHMAN;AGUSTIN LOPEZ;4 - RECRIA FEMEA 08/08/2025 - BAHMAN - 2025-09-01 08:51;35,18%;63,93%
166018320000000;PROTEINADO PASTO;;;1;890,0000;RECRIA FEMEA 08/08/2025;;01/09/2025;16:03:08;BAHMAN;AGUSTIN LOPEZ;12 - RECRIA FEMEA 08/08/2025 - BAHMAN - 2025-09-01 15:50;35,25%;63,91%
166015520000000;01;01-G1-25;;1;325,0000;TERMINACION SORGO-19/08/2025;;01/09/2025;07:03:39;BAHMAN;AGUSTIN LOPEZ;1 - TERMINACION SORGO-19/08/2025 - BAHMAN - 2025-09-01 06:38;45,10%;78,38%
166015520000000;02;02-G2-25;;1;315,0000;TERMINACION SORGO-19/08/2025;;01/09/2025;07:03:55;BAHMAN;AGUSTIN LOPEZ;1 - TERMINACION SORGO-19/08/2025 - BAHMAN - 2025-09-01 06:38;45,10%;78,38%
166015520000000;06;06-G1-25;;1;290,0000;TERMINACION SORGO-19/08/2025;;01/09/2025;07:04:42;BAHMAN;AGUSTIN LOPEZ;1 - TERMINACION SORGO-19/08/2025 - BAHMAN - 2025-09-01 06:38;45,10%;78,38%
166015520000000;08;08-G2-25;;1;365,0000;TERMINACION SORGO-19/08/2025;;01/09/2025;07:05:20;BAHMAN;AGUSTIN LOPEZ;1 - TERMINACION SORGO-19/08/2025 - BAHMAN - 2025-09-01 06:38;45,10%;78,38%
166015520000000;09;49-G1-25;;1;235,0000;TERMINACION SORGO-19/08/2025;;01/09/2025;07:05:37;BAHMAN;AGUSTIN LOPEZ;1 - TERMINACION SORGO-19/08/2025 - BAHMAN - 2025-09-01 06:38;45,10%;78,38%
166015520000000;11;11-G1-25;;1;190,0000;TERMINACION SORGO-19/08/2025;;01/09/2025;07:06:08;BAHMAN;AGUSTIN LOPEZ;1 - TERMINACION SORGO-19/08/2025 - BAHMAN - 2025-09-01 06:38;45,10%;78,38%
166015520000000;12;12-G2-25;;1;180,0000;TERMINACION SORGO-19/08/2025;;01/09/2025;07:06:26;BAHMAN;AGUSTIN LOPEZ;1 - TERMINACION SORGO-19/08/2025 - BAHMAN - 2025-09-01 06:38;45,10%;78,38%
166015520000000;13;13-G2-25;;1;190,0000;TERMINACION SORGO-19/08/2025;;01/09/2025;07:07:50;BAHMAN;AGUSTIN LOPEZ;1 - TERMINACION SORGO-19/08/2025 - BAHMAN - 2025-09-01 06:38;45,10%;78,38%
166015520000000;14;14-G2-25;;1;190,0000;TERMINACION SORGO-19/08/2025;;01/09/2025;07:08:08;BAHMAN;AGUSTIN LOPEZ;1 - TERMINACION SORGO-19/08/2025 - BAHMAN - 2025-09-01 06:38;45,10%;78,38%
166015520000000;17;17-G1-25;;1;165,0000;TERMINACION SORGO-19/08/2025;;01/09/2025;07:08:46;BAHMAN;AGUSTIN LOPEZ;1 - TERMINACION SORGO-19/08/2025 - BAHMAN - 2025-09-01 06:38;45,10%;78,38%
166015520000000;18;18-G2-25;;1;235,0000;TERMINACION SORGO-19/08/2025;;01/09/2025;07:09:05;BAHMAN;AGUSTIN LOPEZ;1 - TERMINACION SORGO-19/08/2025 - BAHMAN - 2025-09-01 06:38;45,10%;78,38%
166015520000000;20;43-G2-25;;1;130,0000;TERMINACION SORGO-19/08/2025;;01/09/2025;07:09:38;BAHMAN;AGUSTIN LOPEZ;1 - TERMINACION SORGO-19/08/2025 - BAHMAN - 2025-09-01 06:38;45,10%;78,38%
166015520000000;23;23-G2-25;;1;210,0000;TERMINACION SORGO-19/08/2025;;01/09/2025;07:10:19;BAHMAN;AGUSTIN LOPEZ;1 - TERMINACION SORGO-19/08/2025 - BAHMAN - 2025-09-01 06:38;45,10%;78,38%
166015520000000;26;26-G1-25;;1;115,0000;TERMINACION SORGO-19/08/2025;;01/09/2025;07:11:30;BAHMAN;AGUSTIN LOPEZ;1 - TERMINACION SORGO-19/08/2025 - BAHMAN - 2025-09-01 06:38;45,10%;78,38%
166015520000000;31;31-G2-25;;1;290,0000;TERMINACION SORGO-19/08/2025;;01/09/2025;06:58:56;BAHMAN;AGUSTIN LOPEZ;1 - TERMINACION SORGO-19/08/2025 - BAHMAN - 2025-09-01 06:38;45,10%;78,38%
166015520000000;32;32-G2-25;;1;260,0000;TERMINACION SORGO-19/08/2025;;01/09/2025;06:59:15;BAHMAN;AGUSTIN LOPEZ;1 - TERMINACION SORGO-19/08/2025 - BAHMAN - 2025-09-01 06:38;45,10%;78,38%
166015520000000;37;37-G2-25;;1;85,0000;TERMINACION SORGO-19/08/2025;;01/09/2025;06:57:01;BAHMAN;AGUSTIN LOPEZ;1 - TERMINACION SORGO-19/08/2025 - BAHMAN - 2025-09-01 06:38;45,10%;78,38%
166015520000000;46;46-G3-25;;1;280,0000;TERMINACION SORGO-19/08/2025;;01/09/2025;06:55:47;BAHMAN;AGUSTIN LOPEZ;1 - TERMINACION SORGO-19/08/2025 - BAHMAN - 2025-09-01 06:38;45,10%;78,38%
166015520000000;47;47-G1-25;;1;205,0000;TERMINACION SORGO-19/08/2025;;01/09/2025;06:55:32;BAHMAN;AGUSTIN LOPEZ;1 - TERMINACION SORGO-19/08/2025 - BAHMAN - 2025-09-01 06:38;45,10%;78,38%
166015520000000;48;48-G1-25;;1;30,0000;TERMINACION SORGO-19/08/2025;;01/09/2025;06:55:15;BAHMAN;AGUSTIN LOPEZ;1 - TERMINACION SORGO-19/08/2025 - BAHMAN - 2025-09-01 06:38;45,10%;78,38%
166015520000000;52;52-G2-25;;1;280,0000;TERMINACION SORGO-19/08/2025;;01/09/2025;06:54:37;BAHMAN;AGUSTIN LOPEZ;1 - TERMINACION SORGO-19/08/2025 - BAHMAN - 2025-09-01 06:38;45,10%;78,38%
166015520000000;53;43-G1-25;;1;230,0000;TERMINACION SORGO-19/08/2025;;01/09/2025;06:54:24;BAHMAN;AGUSTIN LOPEZ;1 - TERMINACION SORGO-19/08/2025 - BAHMAN - 2025-09-01 06:38;45,10%;78,38%
166015520000000;55;44-G2-25;;1;315,0000;TERMINACION SORGO-19/08/2025;;01/09/2025;06:44:36;BAHMAN;AGUSTIN LOPEZ;1 - TERMINACION SORGO-19/08/2025 - BAHMAN - 2025-09-01 06:38;45,10%;78,38%
166015520000000;56;56-G2-25;;1;335,0000;TERMINACION SORGO-19/08/2025;;01/09/2025;06:44:15;BAHMAN;AGUSTIN LOPEZ;1 - TERMINACION SORGO-19/08/2025 - BAHMAN - 2025-09-01 06:38;45,10%;78,38%
166015520000000;57;57-G2-25;;1;65,0000;TERMINACION SORGO-19/08/2025;;01/09/2025;06:43:33;BAHMAN;AGUSTIN LOPEZ;1 - TERMINACION SORGO-19/08/2025 - BAHMAN - 2025-09-01 06:38;45,10%;78,38%
166015520000000;63;45-G2-25;;1;365,0000;TERMINACION SORGO-19/08/2025;;01/09/2025;06:50:53;BAHMAN;AGUSTIN LOPEZ;1 - TERMINACION SORGO-19/08/2025 - BAHMAN - 2025-09-01 06:38;45,10%;78,38%
166015520000000;64;46-G2-25;;1;325,0000;TERMINACION SORGO-19/08/2025;;01/09/2025;06:51:10;BAHMAN;AGUSTIN LOPEZ;1 - TERMINACION SORGO-19/08/2025 - BAHMAN - 2025-09-01 06:38;45,10%;78,38%
166015520000000;65;65-G1-25;;1;285,0000;TERMINACION SORGO-19/08/2025;;01/09/2025;06:51:26;BAHMAN;AGUSTIN LOPEZ;1 - TERMINACION SORGO-19/08/2025 - BAHMAN - 2025-09-01 06:38;45,10%;78,38%
166015520000000;73;73-G1-25;;1;795,0000;TERMINACION SORGO-19/08/2025;;01/09/2025;06:47:22;BAHMAN;AGUSTIN LOPEZ;1 - TERMINACION SORGO-19/08/2025 - BAHMAN - 2025-09-01 06:38;45,10%;78,38%
166015520000000;ENF01;ENF01;;1;220,0000;TERMINACION SORGO-19/08/2025;;01/09/2025;07:00:08;BAHMAN;AGUSTIN LOPEZ;1 - TERMINACION SORGO-19/08/2025 - BAHMAN - 2025-09-01 06:38;45,10%;78,38%
166017320000000;19;19-G3-25;;2;405,0000;ADAPTACION SORGO 19/08/2025;;01/09/2025;12:38:30;BAHMAN;AGUSTIN LOPEZ;8 - ADAPTACION SORGO 19/08/2025 - BAHMAN - 2025-09-01 12:19;37,98%;72,50%
166017320000000;24;24-G2-25;;2;510,0000;ADAPTACION SORGO 19/08/2025;;01/09/2025;12:39:34;BAHMAN;AGUSTIN LOPEZ;8 - ADAPTACION SORGO 19/08/2025 - BAHMAN - 2025-09-01 12:19;37,98%;72,50%
166017320000000;25;25-G2-25;;2;390,0000;ADAPTACION SORGO 19/08/2025;;01/09/2025;12:39:54;BAHMAN;AGUSTIN LOPEZ;8 - ADAPTACION SORGO 19/08/2025 - BAHMAN - 2025-09-01 12:19;37,98%;72,50%
166017320000000;27;27-G2-25;;2;370,0000;ADAPTACION SORGO 19/08/2025;;01/09/2025;12:40:27;BAHMAN;AGUSTIN LOPEZ;8 - ADAPTACION SORGO 19/08/2025 - BAHMAN - 2025-09-01 12:19;37,98%;72,50%
166017320000000;28;28-G2-25;;2;325,0000;ADAPTACION SORGO 19/08/2025;;01/09/2025;12:40:49;BAHMAN;AGUSTIN LOPEZ;8 - ADAPTACION SORGO 19/08/2025 - BAHMAN - 2025-09-01 12:19;37,98%;72,50%
166017320000000;29;29-G2-25;;2;300,0000;ADAPTACION SORGO 19/08/2025;;01/09/2025;12:41:36;BAHMAN;AGUSTIN LOPEZ;8 - ADAPTACION SORGO 19/08/2025 - BAHMAN - 2025-09-01 12:19;37,98%;72,50%
166017320000000;36;36-G3-25;;2;525,0000;ADAPTACION SORGO 19/08/2025;;01/09/2025;12:32:16;BAHMAN;AGUSTIN LOPEZ;8 - ADAPTACION SORGO 19/08/2025 - BAHMAN - 2025-09-01 12:19;37,98%;72,50%
166017320000000;50;50-G2-25;;2;345,0000;ADAPTACION SORGO 19/08/2025;;01/09/2025;12:30:13;BAHMAN;AGUSTIN LOPEZ;8 - ADAPTACION SORGO 19/08/2025 - BAHMAN - 2025-09-01 12:19;37,98%;72,50%
166017320000000;51;51-G2-25;;2;275,0000;ADAPTACION SORGO 19/08/2025;;01/09/2025;12:29:52;BAHMAN;AGUSTIN LOPEZ;8 - ADAPTACION SORGO 19/08/2025 - BAHMAN - 2025-09-01 12:19;37,98%;72,50%
166017320000000;54;54-G2-25;;2;300,0000;ADAPTACION SORGO 19/08/2025;;01/09/2025;12:29:14;BAHMAN;AGUSTIN LOPEZ;8 - ADAPTACION SORGO 19/08/2025 - BAHMAN - 2025-09-01 12:19;37,98%;72,50%
166017320000000;58;58-G2-25;;2;62,0000;ADAPTACION SORGO 19/08/2025;;01/09/2025;12:23:45;BAHMAN;AGUSTIN LOPEZ;8 - ADAPTACION SORGO 19/08/2025 - BAHMAN - 2025-09-01 12:19;37,98%;72,50%
166017320000000;67;67-G2-25;;2;310,0000;ADAPTACION SORGO 19/08/2025;;01/09/2025;12:25:48;BAHMAN;AGUSTIN LOPEZ;8 - ADAPTACION SORGO 19/08/2025 - BAHMAN - 2025-09-01 12:19;37,98%;72,50%
166017320000000;68;68-G2-25;;2;385,0000;ADAPTACION SORGO 19/08/2025;;01/09/2025;12:26:11;BAHMAN;AGUSTIN LOPEZ;8 - ADAPTACION SORGO 19/08/2025 - BAHMAN - 2025-09-01 12:19;37,98%;72,50%
166017320000000;69;69-G2-25;;2;375,0000;ADAPTACION SORGO 19/08/2025;;01/09/2025;12:26:32;BAHMAN;AGUSTIN LOPEZ;8 - ADAPTACION SORGO 19/08/2025 - BAHMAN - 2025-09-01 12:19;37,98%;72,50%
166017320000000;70;70-G2-25;;2;365,0000;ADAPTACION SORGO 19/08/2025;;01/09/2025;12:26:58;BAHMAN;AGUSTIN LOPEZ;8 - ADAPTACION SORGO 19/08/2025 - BAHMAN - 2025-09-01 12:19;37,98%;72,50%
166017320000000;66;66-G1-25;;2;235,0000;ADAPTACION SORGO 19/08/2025;;01/09/2025;12:25:23;BAHMAN;AGUSTIN LOPEZ;8 - ADAPTACION SORGO 19/08/2025 - BAHMAN - 2025-09-01 12:19;37,98%;72,50%
166017080000000;15;15-G1-25;;2;285,0000;CRECIMIENTO SORGO.19/08/2025;;01/09/2025;11:59:25;BAHMAN;AGUSTIN LOPEZ;7 - CRECIMIENTO SORGO.19/08/2025 - BAHMAN - 2025-09-01 11:36;43,15%;77,07%
166017080000000;16;16-G2-25;;2;280,0000;CRECIMIENTO SORGO.19/08/2025;;01/09/2025;11:59:45;BAHMAN;AGUSTIN LOPEZ;7 - CRECIMIENTO SORGO.19/08/2025 - BAHMAN - 2025-09-01 11:36;43,15%;77,07%
166017080000000;21;21-G2-25;;2;200,0000;CRECIMIENTO SORGO.19/08/2025;;01/09/2025;12:00:57;BAHMAN;AGUSTIN LOPEZ;7 - CRECIMIENTO SORGO.19/08/2025 - BAHMAN - 2025-09-01 11:36;43,15%;77,07%
166017080000000;22;22-G2-25;;2;215,0000;CRECIMIENTO SORGO.19/08/2025;;01/09/2025;12:01:49;BAHMAN;AGUSTIN LOPEZ;7 - CRECIMIENTO SORGO.19/08/2025 - BAHMAN - 2025-09-01 11:36;43,15%;77,07%
166017080000000;34;34-G2-25;;2;895,0000;CRECIMIENTO SORGO.19/08/2025;;01/09/2025;11:54:04;BAHMAN;AGUSTIN LOPEZ;7 - CRECIMIENTO SORGO.19/08/2025 - BAHMAN - 2025-09-01 11:36;43,15%;77,07%
166017080000000;43;43-G3-25;;2;345,0000;CRECIMIENTO SORGO.19/08/2025;;01/09/2025;11:52:33;BAHMAN;AGUSTIN LOPEZ;7 - CRECIMIENTO SORGO.19/08/2025 - BAHMAN - 2025-09-01 11:36;43,15%;77,07%
166017080000000;44;44-G3-25;;2;380,0000;CRECIMIENTO SORGO.19/08/2025;;01/09/2025;11:52:11;BAHMAN;AGUSTIN LOPEZ;7 - CRECIMIENTO SORGO.19/08/2025 - BAHMAN - 2025-09-01 11:36;43,15%;77,07%
166017080000000;45;45-G3-25;;2;400,0000;CRECIMIENTO SORGO.19/08/2025;;01/09/2025;11:51:55;BAHMAN;AGUSTIN LOPEZ;7 - CRECIMIENTO SORGO.19/08/2025 - BAHMAN - 2025-09-01 11:36;43,15%;77,07%
166017080000000;59;59-G2-25;;2;345,0000;CRECIMIENTO SORGO.19/08/2025;;01/09/2025;11:41:19;BAHMAN;AGUSTIN LOPEZ;7 - CRECIMIENTO SORGO.19/08/2025 - BAHMAN - 2025-09-01 11:36;43,15%;77,07%
166017080000000;60;60-G2-25;;2;390,0000;CRECIMIENTO SORGO.19/08/2025;;01/09/2025;11:41:01;BAHMAN;AGUSTIN LOPEZ;7 - CRECIMIENTO SORGO.19/08/2025 - BAHMAN - 2025-09-01 11:36;43,15%;77,07%
166017080000000;61;61-G2-25;;2;365,0000;CRECIMIENTO SORGO.19/08/2025;;01/09/2025;11:40:43;BAHMAN;AGUSTIN LOPEZ;7 - CRECIMIENTO SORGO.19/08/2025 - BAHMAN - 2025-09-01 11:36;43,15%;77,07%
166017080000000;62;62-G1-25;;2;305,0000;CRECIMIENTO SORGO.19/08/2025;;01/09/2025;11:40:21;BAHMAN;AGUSTIN LOPEZ;7 - CRECIMIENTO SORGO.19/08/2025 - BAHMAN - 2025-09-01 11:36;43,15%;77,07%
166017080000000;71;71-G1-25;;2;1400,0000;CRECIMIENTO SORGO.19/08/2025;;01/09/2025;11:44:39;BAHMAN;AGUSTIN LOPEZ;7 - CRECIMIENTO SORGO.19/08/2025 - BAHMAN - 2025-09-01 11:36;43,15%;77,07%
166017080000000;72;72-G1-25;;2;1485,0000;CRECIMIENTO SORGO.19/08/2025;;01/09/2025;11:46:27;BAHMAN;AGUSTIN LOPEZ;7 - CRECIMIENTO SORGO.19/08/2025 - BAHMAN - 2025-09-01 11:36;43,15%;77,07%
166017080000000;74;74-G1-25;;2;640,0000;CRECIMIENTO SORGO.19/08/2025;;01/09/2025;11:47:58;BAHMAN;AGUSTIN LOPEZ;7 - CRECIMIENTO SORGO.19/08/2025 - BAHMAN - 2025-09-01 11:36;43,15%;77,07%
166018320000000;PROTEINADO PASTO;;;2;850,0000;RECRIA FEMEA 08/08/2025;;01/09/2025;16:02:00;BAHMAN;AGUSTIN LOPEZ;12 - RECRIA FEMEA 08/08/2025 - BAHMAN - 2025-09-01 15:50;35,25%;63,91%
166016500000000;01;01-G1-25;;2;360,0000;TERMINACION SORGO-19/08/2025;;01/09/2025;09:44:08;BAHMAN;AGUSTIN LOPEZ;5 - TERMINACION SORGO-19/08/2025 - BAHMAN - 2025-09-01 09:39;45,35%;78,61%
166016500000000;02;02-G2-25;;2;420,0000;TERMINACION SORGO-19/08/2025;;01/09/2025;09:44:27;BAHMAN;AGUSTIN LOPEZ;5 - TERMINACION SORGO-19/08/2025 - BAHMAN - 2025-09-01 09:39;45,35%;78,61%
166016500000000;06;06-G1-25;;2;350,0000;TERMINACION SORGO-19/08/2025;;01/09/2025;09:45:19;BAHMAN;AGUSTIN LOPEZ;5 - TERMINACION SORGO-19/08/2025 - BAHMAN - 2025-09-01 09:39;45,35%;78,61%
166016500000000;08;08-G2-25;;2;455,0000;TERMINACION SORGO-19/08/2025;;01/09/2025;09:46:02;BAHMAN;AGUSTIN LOPEZ;5 - TERMINACION SORGO-19/08/2025 - BAHMAN - 2025-09-01 09:39;45,35%;78,61%
166016500000000;09;49-G1-25;;2;350,0000;TERMINACION SORGO-19/08/2025;;01/09/2025;09:46:23;BAHMAN;AGUSTIN LOPEZ;5 - TERMINACION SORGO-19/08/2025 - BAHMAN - 2025-09-01 09:39;45,35%;78,61%
166016500000000;11;11-G1-25;;2;385,0000;TERMINACION SORGO-19/08/2025;;01/09/2025;09:46:59;BAHMAN;AGUSTIN LOPEZ;5 - TERMINACION SORGO-19/08/2025 - BAHMAN - 2025-09-01 09:39;45,35%;78,61%
166016500000000;12;12-G2-25;;2;410,0000;TERMINACION SORGO-19/08/2025;;01/09/2025;09:47:20;BAHMAN;AGUSTIN LOPEZ;5 - TERMINACION SORGO-19/08/2025 - BAHMAN - 2025-09-01 09:39;45,35%;78,61%
166016500000000;13;13-G2-25;;2;470,0000;TERMINACION SORGO-19/08/2025;;01/09/2025;09:48:52;BAHMAN;AGUSTIN LOPEZ;5 - TERMINACION SORGO-19/08/2025 - BAHMAN - 2025-09-01 09:39;45,35%;78,61%
166016500000000;14;14-G2-25;;2;390,0000;TERMINACION SORGO-19/08/2025;;01/09/2025;09:49:11;BAHMAN;AGUSTIN LOPEZ;5 - TERMINACION SORGO-19/08/2025 - BAHMAN - 2025-09-01 09:39;45,35%;78,61%
166016500000000;17;17-G1-25;;2;355,0000;TERMINACION SORGO-19/08/2025;;01/09/2025;09:49:53;BAHMAN;AGUSTIN LOPEZ;5 - TERMINACION SORGO-19/08/2025 - BAHMAN - 2025-09-01 09:39;45,35%;78,61%
166016500000000;18;18-G2-25;;2;435,0000;TERMINACION SORGO-19/08/2025;;01/09/2025;09:50:17;BAHMAN;AGUSTIN LOPEZ;5 - TERMINACION SORGO-19/08/2025 - BAHMAN - 2025-09-01 09:39;45,35%;78,61%
166016500000000;20;43-G2-25;;2;405,0000;TERMINACION SORGO-19/08/2025;;01/09/2025;09:51:00;BAHMAN;AGUSTIN LOPEZ;5 - TERMINACION SORGO-19/08/2025 - BAHMAN - 2025-09-01 09:39;45,35%;78,61%
166016500000000;23;23-G2-25;;2;355,0000;TERMINACION SORGO-19/08/2025;;01/09/2025;09:51:49;BAHMAN;AGUSTIN LOPEZ;5 - TERMINACION SORGO-19/08/2025 - BAHMAN - 2025-09-01 09:39;45,35%;78,61%
166016500000000;26;26-G1-25;;2;365,0000;TERMINACION SORGO-19/08/2025;;01/09/2025;09:52:33;BAHMAN;AGUSTIN LOPEZ;5 - TERMINACION SORGO-19/08/2025 - BAHMAN - 2025-09-01 09:39;45,35%;78,61%
166016500000000;31;31-G2-25;;2;355,0000;TERMINACION SORGO-19/08/2025;;01/09/2025;09:54:11;BAHMAN;AGUSTIN LOPEZ;5 - TERMINACION SORGO-19/08/2025 - BAHMAN - 2025-09-01 09:39;45,35%;78,61%
166016500000000;32;32-G2-25;;2;345,0000;TERMINACION SORGO-19/08/2025;;01/09/2025;09:54:30;BAHMAN;AGUSTIN LOPEZ;5 - TERMINACION SORGO-19/08/2025 - BAHMAN - 2025-09-01 09:39;45,35%;78,61%
166016810000000;37;37-G2-25;;2;665,0000;TERMINACION SORGO-19/08/2025;;01/09/2025;10:39:49;BAHMAN;AGUSTIN LOPEZ;6 - TERMINACION SORGO-19/08/2025 - BAHMAN - 2025-09-01 10:21;45,42%;78,63%
166016810000000;46;46-G3-25;;2;445,0000;TERMINACION SORGO-19/08/2025;;01/09/2025;10:38:22;BAHMAN;AGUSTIN LOPEZ;6 - TERMINACION SORGO-19/08/2025 - BAHMAN - 2025-09-01 10:21;45,42%;78,63%
166016810000000;47;47-G1-25;;2;390,0000;TERMINACION SORGO-19/08/2025;;01/09/2025;10:38:01;BAHMAN;AGUSTIN LOPEZ;6 - TERMINACION SORGO-19/08/2025 - BAHMAN - 2025-09-01 10:21;45,42%;78,63%
166016810000000;48;48-G1-25;;2;370,0000;TERMINACION SORGO-19/08/2025;;01/09/2025;10:37:43;BAHMAN;AGUSTIN LOPEZ;6 - TERMINACION SORGO-19/08/2025 - BAHMAN - 2025-09-01 10:21;45,42%;78,63%
166016500000000;52;52-G2-25;;2;95,0000;TERMINACION SORGO-19/08/2025;;01/09/2025;10:01:08;BAHMAN;AGUSTIN LOPEZ;5 - TERMINACION SORGO-19/08/2025 - BAHMAN - 2025-09-01 09:39;45,35%;78,61%
166016500000000;53;43-G1-25;;2;185,0000;TERMINACION SORGO-19/08/2025;;01/09/2025;10:00:35;BAHMAN;AGUSTIN LOPEZ;5 - TERMINACION SORGO-19/08/2025 - BAHMAN - 2025-09-01 09:39;45,35%;78,61%
166016500000000;55;44-G2-25;;2;360,0000;TERMINACION SORGO-19/08/2025;;01/09/2025;09:59:37;BAHMAN;AGUSTIN LOPEZ;5 - TERMINACION SORGO-19/08/2025 - BAHMAN - 2025-09-01 09:39;45,35%;78,61%
166016500000000;56;56-G2-25;;2;380,0000;TERMINACION SORGO-19/08/2025;;01/09/2025;09:59:18;BAHMAN;AGUSTIN LOPEZ;5 - TERMINACION SORGO-19/08/2025 - BAHMAN - 2025-09-01 09:39;45,35%;78,61%
166016500000000;57;57-G2-25;;2;420,0000;TERMINACION SORGO-19/08/2025;;01/09/2025;09:59:01;BAHMAN;AGUSTIN LOPEZ;5 - TERMINACION SORGO-19/08/2025 - BAHMAN - 2025-09-01 09:39;45,35%;78,61%
166016810000000;63;45-G2-25;;2;435,0000;TERMINACION SORGO-19/08/2025;;01/09/2025;10:32:47;BAHMAN;AGUSTIN LOPEZ;6 - TERMINACION SORGO-19/08/2025 - BAHMAN - 2025-09-01 10:21;45,42%;78,63%
166016810000000;64;46-G2-25;;2;415,0000;TERMINACION SORGO-19/08/2025;;01/09/2025;10:33:05;BAHMAN;AGUSTIN LOPEZ;6 - TERMINACION SORGO-19/08/2025 - BAHMAN - 2025-09-01 10:21;45,42%;78,63%
166016810000000;65;65-G1-25;;2;415,0000;TERMINACION SORGO-19/08/2025;;01/09/2025;10:33:23;BAHMAN;AGUSTIN LOPEZ;6 - TERMINACION SORGO-19/08/2025 - BAHMAN - 2025-09-01 10:21;45,42%;78,63%
166016810000000;73;73-G1-25;;2;750,0000;TERMINACION SORGO-19/08/2025;;01/09/2025;10:29:39;BAHMAN;AGUSTIN LOPEZ;6 - TERMINACION SORGO-19/08/2025 - BAHMAN - 2025-09-01 10:21;45,42%;78,63%
166016500000000;ENF01;ENF01;;2;405,0000;TERMINACION SORGO-19/08/2025;;01/09/2025;09:55:29;BAHMAN;AGUSTIN LOPEZ;5 - TERMINACION SORGO-19/08/2025 - BAHMAN - 2025-09-01 09:39;45,35%;78,61%
166018470000000;19;19-G3-25;;3;345,0000;ADAPTACION SORGO 19/08/2025;;01/09/2025;17:08:42;BAHMAN;AGUSTIN LOPEZ;13 - ADAPTACION SORGO 19/08/2025 - BAHMAN - 2025-09-01 16:49;37,64%;72,39%
166018470000000;24;24-G2-25;;3;305,0000;ADAPTACION SORGO 19/08/2025;;01/09/2025;17:09:36;BAHMAN;AGUSTIN LOPEZ;13 - ADAPTACION SORGO 19/08/2025 - BAHMAN - 2025-09-01 16:49;37,64%;72,39%
166018470000000;25;25-G2-25;;3;330,0000;ADAPTACION SORGO 19/08/2025;;01/09/2025;17:09:52;BAHMAN;AGUSTIN LOPEZ;13 - ADAPTACION SORGO 19/08/2025 - BAHMAN - 2025-09-01 16:49;37,64%;72,39%
166018470000000;27;27-G2-25;;3;250,0000;ADAPTACION SORGO 19/08/2025;;01/09/2025;17:10:20;BAHMAN;AGUSTIN LOPEZ;13 - ADAPTACION SORGO 19/08/2025 - BAHMAN - 2025-09-01 16:49;37,64%;72,39%
166018470000000;28;28-G2-25;;3;285,0000;ADAPTACION SORGO 19/08/2025;;01/09/2025;17:10:45;BAHMAN;AGUSTIN LOPEZ;13 - ADAPTACION SORGO 19/08/2025 - BAHMAN - 2025-09-01 16:49;37,64%;72,39%
166018470000000;29;29-G2-25;;3;115,0000;ADAPTACION SORGO 19/08/2025;;01/09/2025;17:11:17;BAHMAN;AGUSTIN LOPEZ;13 - ADAPTACION SORGO 19/08/2025 - BAHMAN - 2025-09-01 16:49;37,64%;72,39%
166018470000000;36;36-G3-25;;3;355,0000;ADAPTACION SORGO 19/08/2025;;01/09/2025;17:01:35;BAHMAN;AGUSTIN LOPEZ;13 - ADAPTACION SORGO 19/08/2025 - BAHMAN - 2025-09-01 16:49;37,64%;72,39%
166018470000000;50;50-G2-25;;3;285,0000;ADAPTACION SORGO 19/08/2025;;01/09/2025;16:59:49;BAHMAN;AGUSTIN LOPEZ;13 - ADAPTACION SORGO 19/08/2025 - BAHMAN - 2025-09-01 16:49;37,64%;72,39%
166018470000000;51;51-G2-25;;3;410,0000;ADAPTACION SORGO 19/08/2025;;01/09/2025;16:59:34;BAHMAN;AGUSTIN LOPEZ;13 - ADAPTACION SORGO 19/08/2025 - BAHMAN - 2025-09-01 16:49;37,64%;72,39%
166018470000000;54;54-G2-25;;3;365,0000;ADAPTACION SORGO 19/08/2025;;01/09/2025;16:59:00;BAHMAN;AGUSTIN LOPEZ;13 - ADAPTACION SORGO 19/08/2025 - BAHMAN - 2025-09-01 16:49;37,64%;72,39%
166018470000000;58;58-G2-25;;3;455,0000;ADAPTACION SORGO 19/08/2025;;01/09/2025;16:53:48;BAHMAN;AGUSTIN LOPEZ;13 - ADAPTACION SORGO 19/08/2025 - BAHMAN - 2025-09-01 16:49;37,64%;72,39%
166018470000000;67;67-G2-25;;3;330,0000;ADAPTACION SORGO 19/08/2025;;01/09/2025;16:55:34;BAHMAN;AGUSTIN LOPEZ;13 - ADAPTACION SORGO 19/08/2025 - BAHMAN - 2025-09-01 16:49;37,64%;72,39%
166018470000000;68;68-G2-25;;3;430,0000;ADAPTACION SORGO 19/08/2025;;01/09/2025;16:55:49;BAHMAN;AGUSTIN LOPEZ;13 - ADAPTACION SORGO 19/08/2025 - BAHMAN - 2025-09-01 16:49;37,64%;72,39%
166018470000000;69;69-G2-25;;3;450,0000;ADAPTACION SORGO 19/08/2025;;01/09/2025;16:56:05;BAHMAN;AGUSTIN LOPEZ;13 - ADAPTACION SORGO 19/08/2025 - BAHMAN - 2025-09-01 16:49;37,64%;72,39%
166018470000000;70;70-G2-25;;3;380,0000;ADAPTACION SORGO 19/08/2025;;01/09/2025;16:56:29;BAHMAN;AGUSTIN LOPEZ;13 - ADAPTACION SORGO 19/08/2025 - BAHMAN - 2025-09-01 16:49;37,64%;72,39%
166018470000000;66;66-G1-25;;3;255,0000;ADAPTACION SORGO 19/08/2025;;01/09/2025;16:55:16;BAHMAN;AGUSTIN LOPEZ;13 - ADAPTACION SORGO 19/08/2025 - BAHMAN - 2025-09-01 16:49;37,64%;72,39%
166017880000000;15;15-G1-25;;3;360,0000;CRECIMIENTO SORGO.19/08/2025;;01/09/2025;14:45:33;BAHMAN;AGUSTIN LOPEZ;10 - CRECIMIENTO SORGO.19/08/2025 - BAHMAN - 2025-09-01 14:24;43,26%;77,10%
166017880000000;16;16-G2-25;;3;300,0000;CRECIMIENTO SORGO.19/08/2025;;01/09/2025;14:45:51;BAHMAN;AGUSTIN LOPEZ;10 - CRECIMIENTO SORGO.19/08/2025 - BAHMAN - 2025-09-01 14:24;43,26%;77,10%
166017880000000;21;21-G2-25;;3;315,0000;CRECIMIENTO SORGO.19/08/2025;;01/09/2025;14:47:03;BAHMAN;AGUSTIN LOPEZ;10 - CRECIMIENTO SORGO.19/08/2025 - BAHMAN - 2025-09-01 14:24;43,26%;77,10%
166017880000000;22;22-G2-25;;3;300,0000;CRECIMIENTO SORGO.19/08/2025;;01/09/2025;14:48:01;BAHMAN;AGUSTIN LOPEZ;10 - CRECIMIENTO SORGO.19/08/2025 - BAHMAN - 2025-09-01 14:24;43,26%;77,10%
166017880000000;34;34-G2-25;;3;765,0000;CRECIMIENTO SORGO.19/08/2025;;01/09/2025;14:40:15;BAHMAN;AGUSTIN LOPEZ;10 - CRECIMIENTO SORGO.19/08/2025 - BAHMAN - 2025-09-01 14:24;43,26%;77,10%
166017880000000;43;43-G3-25;;3;260,0000;CRECIMIENTO SORGO.19/08/2025;;01/09/2025;14:38:48;BAHMAN;AGUSTIN LOPEZ;10 - CRECIMIENTO SORGO.19/08/2025 - BAHMAN - 2025-09-01 14:24;43,26%;77,10%
166017880000000;44;44-G3-25;;3;345,0000;CRECIMIENTO SORGO.19/08/2025;;01/09/2025;14:38:31;BAHMAN;AGUSTIN LOPEZ;10 - CRECIMIENTO SORGO.19/08/2025 - BAHMAN - 2025-09-01 14:24;43,26%;77,10%
166017880000000;45;45-G3-25;;3;275,0000;CRECIMIENTO SORGO.19/08/2025;;01/09/2025;14:38:08;BAHMAN;AGUSTIN LOPEZ;10 - CRECIMIENTO SORGO.19/08/2025 - BAHMAN - 2025-09-01 14:24;43,26%;77,10%
166017880000000;59;59-G2-25;;3;350,0000;CRECIMIENTO SORGO.19/08/2025;;01/09/2025;14:28:12;BAHMAN;AGUSTIN LOPEZ;10 - CRECIMIENTO SORGO.19/08/2025 - BAHMAN - 2025-09-01 14:24;43,26%;77,10%
166017880000000;60;60-G2-25;;3;290,0000;CRECIMIENTO SORGO.19/08/2025;;01/09/2025;14:27:53;BAHMAN;AGUSTIN LOPEZ;10 - CRECIMIENTO SORGO.19/08/2025 - BAHMAN - 2025-09-01 14:24;43,26%;77,10%
166017880000000;72;72-G1-25;;3;1195,0000;CRECIMIENTO SORGO.19/08/2025;;01/09/2025;14:32:48;BAHMAN;AGUSTIN LOPEZ;10 - CRECIMIENTO SORGO.19/08/2025 - BAHMAN - 2025-09-01 14:24;43,26%;77,10%
166017880000000;74;74-G1-25;;3;685,0000;CRECIMIENTO SORGO.19/08/2025;;01/09/2025;14:34:12;BAHMAN;AGUSTIN LOPEZ;10 - CRECIMIENTO SORGO.19/08/2025 - BAHMAN - 2025-09-01 14:24;43,26%;77,10%
166018320000000;75;75-G2-25;;3;2440,0000;RECRIA FEMEA 08/08/2025;;01/09/2025;15:57:40;BAHMAN;AGUSTIN LOPEZ;12 - RECRIA FEMEA 08/08/2025 - BAHMAN - 2025-09-01 15:50;35,25%;63,91%
166018320000000;LOTE SILO;LOTE SILO;;3;1440,0000;RECRIA FEMEA 08/08/2025;;01/09/2025;16:25:40;BAHMAN;AGUSTIN LOPEZ;12 - RECRIA FEMEA 08/08/2025 - BAHMAN - 2025-09-01 15:50;35,25%;63,91%
166016810000000;37;37-G2-25;;3;340,0000;TERMINACION SORGO-19/08/2025;;01/09/2025;10:50:47;BAHMAN;AGUSTIN LOPEZ;6 - TERMINACION SORGO-19/08/2025 - BAHMAN - 2025-09-01 10:21;45,42%;78,63%
166016810000000;52;52-G2-25;;3;390,0000;TERMINACION SORGO-19/08/2025;;01/09/2025;10:36:59;BAHMAN;AGUSTIN LOPEZ;6 - TERMINACION SORGO-19/08/2025 - BAHMAN - 2025-09-01 10:21;45,42%;78,63%
166016810000000;53;43-G1-25;;3;325,0000;TERMINACION SORGO-19/08/2025;;01/09/2025;10:36:41;BAHMAN;AGUSTIN LOPEZ;6 - TERMINACION SORGO-19/08/2025 - BAHMAN - 2025-09-01 10:21;45,42%;78,63%
166016810000000;55;44-G2-25;;3;445,0000;TERMINACION SORGO-19/08/2025;;01/09/2025;10:27:02;BAHMAN;AGUSTIN LOPEZ;6 - TERMINACION SORGO-19/08/2025 - BAHMAN - 2025-09-01 10:21;45,42%;78,63%
166016810000000;56;56-G2-25;;3;475,0000;TERMINACION SORGO-19/08/2025;;01/09/2025;10:26:45;BAHMAN;AGUSTIN LOPEZ;6 - TERMINACION SORGO-19/08/2025 - BAHMAN - 2025-09-01 10:21;45,42%;78,63%
166016810000000;57;57-G2-25;;3;500,0000;TERMINACION SORGO-19/08/2025;;01/09/2025;10:26:28;BAHMAN;AGUSTIN LOPEZ;6 - TERMINACION SORGO-19/08/2025 - BAHMAN - 2025-09-01 10:21;45,42%;78,63%
166016810000000;63;45-G2-25;;3;325,0000;TERMINACION SORGO-19/08/2025;;01/09/2025;10:47:21;BAHMAN;AGUSTIN LOPEZ;6 - TERMINACION SORGO-19/08/2025 - BAHMAN - 2025-09-01 10:21;45,42%;78,63%
166016810000000;64;46-G2-25;;3;365,0000;TERMINACION SORGO-19/08/2025;;01/09/2025;10:47:38;BAHMAN;AGUSTIN LOPEZ;6 - TERMINACION SORGO-19/08/2025 - BAHMAN - 2025-09-01 10:21;45,42%;78,63%
166016810000000;65;65-G1-25;;3;325,0000;TERMINACION SORGO-19/08/2025;;01/09/2025;10:48:03;BAHMAN;AGUSTIN LOPEZ;6 - TERMINACION SORGO-19/08/2025 - BAHMAN - 2025-09-01 10:21;45,42%;78,63%
166016810000000;73;73-G1-25;;3;765,0000;TERMINACION SORGO-19/08/2025;;01/09/2025;10:44:33;BAHMAN;AGUSTIN LOPEZ;6 - TERMINACION SORGO-19/08/2025 - BAHMAN - 2025-09-01 10:21;45,42%;78,63%
166017570000000;01;01-G1-25;;3;395,0000;TERMINACION SORGO-19/08/2025;;01/09/2025;13:46:42;BAHMAN;AGUSTIN LOPEZ;9 - TERMINACION SORGO-19/08/2025 - BAHMAN - 2025-09-01 13:42;45,30%;78,50%
166017570000000;02;02-G2-25;;3;275,0000;TERMINACION SORGO-19/08/2025;;01/09/2025;13:47:04;BAHMAN;AGUSTIN LOPEZ;9 - TERMINACION SORGO-19/08/2025 - BAHMAN - 2025-09-01 13:42;45,30%;78,50%
166017570000000;06;06-G1-25;;3;360,0000;TERMINACION SORGO-19/08/2025;;01/09/2025;13:48:09;BAHMAN;AGUSTIN LOPEZ;9 - TERMINACION SORGO-19/08/2025 - BAHMAN - 2025-09-01 13:42;45,30%;78,50%
166017570000000;08;08-G2-25;;3;280,0000;TERMINACION SORGO-19/08/2025;;01/09/2025;13:49:01;BAHMAN;AGUSTIN LOPEZ;9 - TERMINACION SORGO-19/08/2025 - BAHMAN - 2025-09-01 13:42;45,30%;78,50%
166017570000000;09;49-G1-25;;3;315,0000;TERMINACION SORGO-19/08/2025;;01/09/2025;13:49:31;BAHMAN;AGUSTIN LOPEZ;9 - TERMINACION SORGO-19/08/2025 - BAHMAN - 2025-09-01 13:42;45,30%;78,50%
166017570000000;11;11-G1-25;;3;385,0000;TERMINACION SORGO-19/08/2025;;01/09/2025;13:50:10;BAHMAN;AGUSTIN LOPEZ;9 - TERMINACION SORGO-19/08/2025 - BAHMAN - 2025-09-01 13:42;45,30%;78,50%
166017570000000;12;12-G2-25;;3;470,0000;TERMINACION SORGO-19/08/2025;;01/09/2025;13:50:31;BAHMAN;AGUSTIN LOPEZ;9 - TERMINACION SORGO-19/08/2025 - BAHMAN - 2025-09-01 13:42;45,30%;78,50%
166017570000000;13;13-G2-25;;3;485,0000;TERMINACION SORGO-19/08/2025;;01/09/2025;13:52:03;BAHMAN;AGUSTIN LOPEZ;9 - TERMINACION SORGO-19/08/2025 - BAHMAN - 2025-09-01 13:42;45,30%;78,50%
166017570000000;14;14-G2-25;;3;400,0000;TERMINACION SORGO-19/08/2025;;01/09/2025;13:52:22;BAHMAN;AGUSTIN LOPEZ;9 - TERMINACION SORGO-19/08/2025 - BAHMAN - 2025-09-01 13:42;45,30%;78,50%
166017570000000;17;17-G1-25;;3;280,0000;TERMINACION SORGO-19/08/2025;;01/09/2025;13:53:03;BAHMAN;AGUSTIN LOPEZ;9 - TERMINACION SORGO-19/08/2025 - BAHMAN - 2025-09-01 13:42;45,30%;78,50%
166017570000000;18;18-G2-25;;3;340,0000;TERMINACION SORGO-19/08/2025;;01/09/2025;13:53:28;BAHMAN;AGUSTIN LOPEZ;9 - TERMINACION SORGO-19/08/2025 - BAHMAN - 2025-09-01 13:42;45,30%;78,50%
166017570000000;20;43-G2-25;;3;515,0000;TERMINACION SORGO-19/08/2025;;01/09/2025;13:54:16;BAHMAN;AGUSTIN LOPEZ;9 - TERMINACION SORGO-19/08/2025 - BAHMAN - 2025-09-01 13:42;45,30%;78,50%
166017570000000;23;23-G2-25;;3;385,0000;TERMINACION SORGO-19/08/2025;;01/09/2025;13:55:01;BAHMAN;AGUSTIN LOPEZ;9 - TERMINACION SORGO-19/08/2025 - BAHMAN - 2025-09-01 13:42;45,30%;78,50%
166017570000000;26;26-G1-25;;3;395,0000;TERMINACION SORGO-19/08/2025;;01/09/2025;13:55:47;BAHMAN;AGUSTIN LOPEZ;9 - TERMINACION SORGO-19/08/2025 - BAHMAN - 2025-09-01 13:42;45,30%;78,50%
166017570000000;31;31-G2-25;;3;450,0000;TERMINACION SORGO-19/08/2025;;01/09/2025;13:57:24;BAHMAN;AGUSTIN LOPEZ;9 - TERMINACION SORGO-19/08/2025 - BAHMAN - 2025-09-01 13:42;45,30%;78,50%
166017570000000;32;32-G2-25;;3;315,0000;TERMINACION SORGO-19/08/2025;;01/09/2025;13:57:43;BAHMAN;AGUSTIN LOPEZ;9 - TERMINACION SORGO-19/08/2025 - BAHMAN - 2025-09-01 13:42;45,30%;78,50%
166017570000000;46;46-G3-25;;3;195,0000;TERMINACION SORGO-19/08/2025;;01/09/2025;14:05:45;BAHMAN;AGUSTIN LOPEZ;9 - TERMINACION SORGO-19/08/2025 - BAHMAN - 2025-09-01 13:42;45,30%;78,50%
166017570000000;47;47-G1-25;;3;270,0000;TERMINACION SORGO-19/08/2025;;01/09/2025;14:04:58;BAHMAN;AGUSTIN LOPEZ;9 - TERMINACION SORGO-19/08/2025 - BAHMAN - 2025-09-01 13:42;45,30%;78,50%
166017570000000;48;48-G1-25;;3;315,0000;TERMINACION SORGO-19/08/2025;;01/09/2025;14:04:37;BAHMAN;AGUSTIN LOPEZ;9 - TERMINACION SORGO-19/08/2025 - BAHMAN - 2025-09-01 13:42;45,30%;78,50%
166017570000000;61;61-G2-25;;3;420,0000;TERMINACION SORGO-19/08/2025;;01/09/2025;14:02:38;BAHMAN;AGUSTIN LOPEZ;9 - TERMINACION SORGO-19/08/2025 - BAHMAN - 2025-09-01 13:42;45,30%;78,50%
166017570000000;62;62-G1-25;;3;260,0000;TERMINACION SORGO-19/08/2025;;01/09/2025;14:02:08;BAHMAN;AGUSTIN LOPEZ;9 - TERMINACION SORGO-19/08/2025 - BAHMAN - 2025-09-01 13:42;45,30%;78,50%
166018090000000;71;71-G1-25;;3;1505,0000;TERMINACION SORGO-19/08/2025;;01/09/2025;15:18:26;BAHMAN;AGUSTIN LOPEZ;11 - TERMINACION SORGO-19/08/2025 - BAHMAN - 2025-09-01 15:09;45,54%;78,67%
166017570000000;ENF01;ENF01;;3;470,0000;TERMINACION SORGO-19/08/2025;;01/09/2025;13:58:41;BAHMAN;AGUSTIN LOPEZ;9 - TERMINACION SORGO-19/08/2025 - BAHMAN - 2025-09-01 13:42;45,30%;78,50%
166018720000000;19;19-G3-25;;4;435,0000;ADAPTACION SORGO 19/08/2025;;01/09/2025;17:54:23;BAHMAN;AGUSTIN LOPEZ;14 - ADAPTACION SORGO 19/08/2025 - BAHMAN - 2025-09-01 17:34;37,64%;72,48%
166018720000000;24;24-G2-25;;4;560,0000;ADAPTACION SORGO 19/08/2025;;01/09/2025;17:55:19;BAHMAN;AGUSTIN LOPEZ;14 - ADAPTACION SORGO 19/08/2025 - BAHMAN - 2025-09-01 17:34;37,64%;72,48%
166018720000000;25;25-G2-25;;4;335,0000;ADAPTACION SORGO 19/08/2025;;01/09/2025;17:55:39;BAHMAN;AGUSTIN LOPEZ;14 - ADAPTACION SORGO 19/08/2025 - BAHMAN - 2025-09-01 17:34;37,64%;72,48%
166018720000000;27;27-G2-25;;4;470,0000;ADAPTACION SORGO 19/08/2025;;01/09/2025;17:56:29;BAHMAN;AGUSTIN LOPEZ;14 - ADAPTACION SORGO 19/08/2025 - BAHMAN - 2025-09-01 17:34;37,64%;72,48%
166018720000000;28;28-G2-25;;4;430,0000;ADAPTACION SORGO 19/08/2025;;01/09/2025;17:57:00;BAHMAN;AGUSTIN LOPEZ;14 - ADAPTACION SORGO 19/08/2025 - BAHMAN - 2025-09-01 17:34;37,64%;72,48%
166018720000000;29;29-G2-25;;4;305,0000;ADAPTACION SORGO 19/08/2025;;01/09/2025;17:57:29;BAHMAN;AGUSTIN LOPEZ;14 - ADAPTACION SORGO 19/08/2025 - BAHMAN - 2025-09-01 17:34;37,64%;72,48%
166018720000000;36;36-G3-25;;4;165,0000;ADAPTACION SORGO 19/08/2025;;01/09/2025;17:48:12;BAHMAN;AGUSTIN LOPEZ;14 - ADAPTACION SORGO 19/08/2025 - BAHMAN - 2025-09-01 17:34;37,64%;72,48%
166018720000000;50;50-G2-25;;4;365,0000;ADAPTACION SORGO 19/08/2025;;01/09/2025;17:46:21;BAHMAN;AGUSTIN LOPEZ;14 - ADAPTACION SORGO 19/08/2025 - BAHMAN - 2025-09-01 17:34;37,64%;72,48%
166018720000000;51;51-G2-25;;4;340,0000;ADAPTACION SORGO 19/08/2025;;01/09/2025;17:45:55;BAHMAN;AGUSTIN LOPEZ;14 - ADAPTACION SORGO 19/08/2025 - BAHMAN - 2025-09-01 17:34;37,64%;72,48%
166018720000000;54;54-G2-25;;4;455,0000;ADAPTACION SORGO 19/08/2025;;01/09/2025;17:45:12;BAHMAN;AGUSTIN LOPEZ;14 - ADAPTACION SORGO 19/08/2025 - BAHMAN - 2025-09-01 17:34;37,64%;72,48%
166018720000000;58;58-G2-25;;4;545,0000;ADAPTACION SORGO 19/08/2025;;01/09/2025;17:38:56;BAHMAN;AGUSTIN LOPEZ;14 - ADAPTACION SORGO 19/08/2025 - BAHMAN - 2025-09-01 17:34;37,64%;72,48%
166018720000000;67;67-G2-25;;4;655,0000;ADAPTACION SORGO 19/08/2025;;01/09/2025;17:41:16;BAHMAN;AGUSTIN LOPEZ;14 - ADAPTACION SORGO 19/08/2025 - BAHMAN - 2025-09-01 17:34;37,64%;72,48%
166018720000000;68;68-G2-25;;4;440,0000;ADAPTACION SORGO 19/08/2025;;01/09/2025;17:41:39;BAHMAN;AGUSTIN LOPEZ;14 - ADAPTACION SORGO 19/08/2025 - BAHMAN - 2025-09-01 17:34;37,64%;72,48%
166018720000000;69;69-G2-25;;4;680,0000;ADAPTACION SORGO 19/08/2025;;01/09/2025;17:42:21;BAHMAN;AGUSTIN LOPEZ;14 - ADAPTACION SORGO 19/08/2025 - BAHMAN - 2025-09-01 17:34;37,64%;72,48%
166018720000000;70;70-G2-25;;4;335,0000;ADAPTACION SORGO 19/08/2025;;01/09/2025;17:42:48;BAHMAN;AGUSTIN LOPEZ;14 - ADAPTACION SORGO 19/08/2025 - BAHMAN - 2025-09-01 17:34;37,64%;72,48%
166018720000000;66;66-G1-25;;4;255,0000;ADAPTACION SORGO 19/08/2025;;01/09/2025;17:40:52;BAHMAN;AGUSTIN LOPEZ;14 - ADAPTACION SORGO 19/08/2025 - BAHMAN - 2025-09-01 17:34;37,64%;72,48%
264456920000000;15;15-G1-25;;4;350,0000;CRECIMIENTO SORGO.19/08/2025;;01/09/2025;17:05:46;SILOKING;AGUSTIN LOPEZ;1 - CRECIMIENTO SORGO.19/08/2025 - SILOKING - 2025-09-01 16:33;43,28%;77,03%
264456920000000;16;16-G2-25;;4;470,0000;CRECIMIENTO SORGO.19/08/2025;;01/09/2025;17:04:07;SILOKING;AGUSTIN LOPEZ;1 - CRECIMIENTO SORGO.19/08/2025 - SILOKING - 2025-09-01 16:33;43,28%;77,03%
264456920000000;21;21-G2-25;;4;480,0000;CRECIMIENTO SORGO.19/08/2025;;01/09/2025;17:02:42;SILOKING;AGUSTIN LOPEZ;1 - CRECIMIENTO SORGO.19/08/2025 - SILOKING - 2025-09-01 16:33;43,28%;77,03%
264456920000000;22;22-G2-25;;4;560,0000;CRECIMIENTO SORGO.19/08/2025;;01/09/2025;17:01:50;SILOKING;AGUSTIN LOPEZ;1 - CRECIMIENTO SORGO.19/08/2025 - SILOKING - 2025-09-01 16:33;43,28%;77,03%
264456920000000;43;43-G3-25;;4;410,0000;CRECIMIENTO SORGO.19/08/2025;;01/09/2025;16:39:21;SILOKING;AGUSTIN LOPEZ;1 - CRECIMIENTO SORGO.19/08/2025 - SILOKING - 2025-09-01 16:33;43,28%;77,03%
264456920000000;44;44-G3-25;;4;280,0000;CRECIMIENTO SORGO.19/08/2025;;01/09/2025;16:39:59;SILOKING;AGUSTIN LOPEZ;1 - CRECIMIENTO SORGO.19/08/2025 - SILOKING - 2025-09-01 16:33;43,28%;77,03%
264456920000000;45;45-G3-25;;4;230,0000;CRECIMIENTO SORGO.19/08/2025;;01/09/2025;16:41:12;SILOKING;AGUSTIN LOPEZ;1 - CRECIMIENTO SORGO.19/08/2025 - SILOKING - 2025-09-01 16:33;43,28%;77,03%
264456920000000;59;59-G2-25;;4;295,0000;CRECIMIENTO SORGO.19/08/2025;;01/09/2025;16:56:07;SILOKING;AGUSTIN LOPEZ;1 - CRECIMIENTO SORGO.19/08/2025 - SILOKING - 2025-09-01 16:33;43,28%;77,03%
264456920000000;60;60-G2-25;;4;470,0000;CRECIMIENTO SORGO.19/08/2025;;01/09/2025;16:56:47;SILOKING;AGUSTIN LOPEZ;1 - CRECIMIENTO SORGO.19/08/2025 - SILOKING - 2025-09-01 16:33;43,28%;77,03%
264456920000000;72;72-G1-25;;4;1280,0000;CRECIMIENTO SORGO.19/08/2025;;01/09/2025;16:48:29;SILOKING;AGUSTIN LOPEZ;1 - CRECIMIENTO SORGO.19/08/2025 - SILOKING - 2025-09-01 16:33;43,28%;77,03%
264456920000000;74;74-G1-25;;4;775,0000;CRECIMIENTO SORGO.19/08/2025;;01/09/2025;16:53:15;SILOKING;AGUSTIN LOPEZ;1 - CRECIMIENTO SORGO.19/08/2025 - SILOKING - 2025-09-01 16:33;43,28%;77,03%
166018090000000;52;52-G2-25;;4;375,0000;TERMINACION SORGO-19/08/2025;;01/09/2025;15:31:52;BAHMAN;AGUSTIN LOPEZ;11 - TERMINACION SORGO-19/08/2025 - BAHMAN - 2025-09-01 15:09;45,54%;78,67%
166018090000000;53;43-G1-25;;4;335,0000;TERMINACION SORGO-19/08/2025;;01/09/2025;15:31:12;BAHMAN;AGUSTIN LOPEZ;11 - TERMINACION SORGO-19/08/2025 - BAHMAN - 2025-09-01 15:09;45,54%;78,67%
166018090000000;55;44-G2-25;;4;435,0000;TERMINACION SORGO-19/08/2025;;01/09/2025;15:15:13;BAHMAN;AGUSTIN LOPEZ;11 - TERMINACION SORGO-19/08/2025 - BAHMAN - 2025-09-01 15:09;45,54%;78,67%
166018090000000;56;56-G2-25;;4;300,0000;TERMINACION SORGO-19/08/2025;;01/09/2025;15:14:50;BAHMAN;AGUSTIN LOPEZ;11 - TERMINACION SORGO-19/08/2025 - BAHMAN - 2025-09-01 15:09;45,54%;78,67%
166018090000000;57;57-G2-25;;4;495,0000;TERMINACION SORGO-19/08/2025;;01/09/2025;15:14:33;BAHMAN;AGUSTIN LOPEZ;11 - TERMINACION SORGO-19/08/2025 - BAHMAN - 2025-09-01 15:09;45,54%;78,67%
166018090000000;61;61-G2-25;;4;390,0000;TERMINACION SORGO-19/08/2025;;01/09/2025;15:13:39;BAHMAN;AGUSTIN LOPEZ;11 - TERMINACION SORGO-19/08/2025 - BAHMAN - 2025-09-01 15:09;45,54%;78,67%
166018090000000;62;62-G1-25;;4;650,0000;TERMINACION SORGO-19/08/2025;;01/09/2025;15:13:16;BAHMAN;AGUSTIN LOPEZ;11 - TERMINACION SORGO-19/08/2025 - BAHMAN - 2025-09-01 15:09;45,54%;78,67%
166018090000000;63;45-G2-25;;4;425,0000;TERMINACION SORGO-19/08/2025;;01/09/2025;15:27:17;BAHMAN;AGUSTIN LOPEZ;11 - TERMINACION SORGO-19/08/2025 - BAHMAN - 2025-09-01 15:09;45,54%;78,67%
166018090000000;64;46-G2-25;;4;265,0000;TERMINACION SORGO-19/08/2025;;01/09/2025;15:27:40;BAHMAN;AGUSTIN LOPEZ;11 - TERMINACION SORGO-19/08/2025 - BAHMAN - 2025-09-01 15:09;45,54%;78,67%
166018090000000;65;65-G1-25;;4;525,0000;TERMINACION SORGO-19/08/2025;;01/09/2025;15:28:10;BAHMAN;AGUSTIN LOPEZ;11 - TERMINACION SORGO-19/08/2025 - BAHMAN - 2025-09-01 15:09;45,54%;78,67%
166018090000000;71;71-G1-25;;4;1555,0000;TERMINACION SORGO-19/08/2025;;01/09/2025;15:24:08;BAHMAN;AGUSTIN LOPEZ;11 - TERMINACION SORGO-19/08/2025 - BAHMAN - 2025-09-01 15:09;45,54%;78,67%
166018090000000;73;73-G1-25;;4;935,0000;TERMINACION SORGO-19/08/2025;;01/09/2025;15:20:51;BAHMAN;AGUSTIN LOPEZ;11 - TERMINACION SORGO-19/08/2025 - BAHMAN - 2025-09-01 15:09;45,54%;78,67%
264457170000000;14;14-G2-25;;4;465,0000;TERMINACION SORGO-19/08/2025;;01/09/2025;17:51:50;SILOKING;AGUSTIN LOPEZ;2 - TERMINACION SORGO-19/08/2025 - SILOKING - 2025-09-01 17:37;45,10%;78,38%
264457170000000;17;17-G1-25;;4;200,0000;TERMINACION SORGO-19/08/2025;;01/09/2025;17:49:44;SILOKING;AGUSTIN LOPEZ;2 - TERMINACION SORGO-19/08/2025 - SILOKING - 2025-09-01 17:37;45,10%;78,38%
264457170000000;18;18-G2-25;;4;425,0000;TERMINACION SORGO-19/08/2025;;01/09/2025;17:49:12;SILOKING;AGUSTIN LOPEZ;2 - TERMINACION SORGO-19/08/2025 - SILOKING - 2025-09-01 17:37;45,10%;78,38%
264457170000000;20;43-G2-25;;4;390,0000;TERMINACION SORGO-19/08/2025;;01/09/2025;17:48:03;SILOKING;AGUSTIN LOPEZ;2 - TERMINACION SORGO-19/08/2025 - SILOKING - 2025-09-01 17:37;45,10%;78,38%
264457170000000;23;23-G2-25;;4;480,0000;TERMINACION SORGO-19/08/2025;;01/09/2025;17:46:58;SILOKING;AGUSTIN LOPEZ;2 - TERMINACION SORGO-19/08/2025 - SILOKING - 2025-09-01 17:37;45,10%;78,38%
264457170000000;26;26-G1-25;;4;410,0000;TERMINACION SORGO-19/08/2025;;01/09/2025;17:45:39;SILOKING;AGUSTIN LOPEZ;2 - TERMINACION SORGO-19/08/2025 - SILOKING - 2025-09-01 17:37;45,10%;78,38%
264457170000000;31;31-G2-25;;4;365,0000;TERMINACION SORGO-19/08/2025;;01/09/2025;17:43:27;SILOKING;AGUSTIN LOPEZ;2 - TERMINACION SORGO-19/08/2025 - SILOKING - 2025-09-01 17:37;45,10%;78,38%
264457170000000;32;32-G2-25;;4;350,0000;TERMINACION SORGO-19/08/2025;;01/09/2025;17:42:40;SILOKING;AGUSTIN LOPEZ;2 - TERMINACION SORGO-19/08/2025 - SILOKING - 2025-09-01 17:37;45,10%;78,38%
264457170000000;ENF01;ENF01;;4;395,0000;TERMINACION SORGO-19/08/2025;;01/09/2025;17:41:24;SILOKING;AGUSTIN LOPEZ;2 - TERMINACION SORGO-19/08/2025 - SILOKING - 2025-09-01 17:37;45,10%;78,38%
166018980000000;01;01-G1-25;;5;315,0000;TERMINACION SORGO-19/08/2025;;01/09/2025;18:34:09;BAHMAN;AGUSTIN LOPEZ;15 - TERMINACION SORGO-19/08/2025 - BAHMAN - 2025-09-01 18:21;45,48%;78,76%
166018980000000;02;02-G2-25;;5;395,0000;TERMINACION SORGO-19/08/2025;;01/09/2025;18:34:28;BAHMAN;AGUSTIN LOPEZ;15 - TERMINACION SORGO-19/08/2025 - BAHMAN - 2025-09-01 18:21;45,48%;78,76%
166018980000000;06;06-G1-25;;5;550,0000;TERMINACION SORGO-19/08/2025;;01/09/2025;18:35:42;BAHMAN;AGUSTIN LOPEZ;15 - TERMINACION SORGO-19/08/2025 - BAHMAN - 2025-09-01 18:21;45,48%;78,76%
166018980000000;08;08-G2-25;;5;385,0000;TERMINACION SORGO-19/08/2025;;01/09/2025;18:36:27;BAHMAN;AGUSTIN LOPEZ;15 - TERMINACION SORGO-19/08/2025 - BAHMAN - 2025-09-01 18:21;45,48%;78,76%
166018980000000;09;49-G1-25;;5;455,0000;TERMINACION SORGO-19/08/2025;;01/09/2025;18:36:47;BAHMAN;AGUSTIN LOPEZ;15 - TERMINACION SORGO-19/08/2025 - BAHMAN - 2025-09-01 18:21;45,48%;78,76%
166018980000000;11;11-G1-25;;5;500,0000;TERMINACION SORGO-19/08/2025;;01/09/2025;18:37:44;BAHMAN;AGUSTIN LOPEZ;15 - TERMINACION SORGO-19/08/2025 - BAHMAN - 2025-09-01 18:21;45,48%;78,76%
166018980000000;12;12-G2-25;;5;300,0000;TERMINACION SORGO-19/08/2025;;01/09/2025;18:38:08;BAHMAN;AGUSTIN LOPEZ;15 - TERMINACION SORGO-19/08/2025 - BAHMAN - 2025-09-01 18:21;45,48%;78,76%
166018980000000;13;13-G2-25;;5;540,0000;TERMINACION SORGO-19/08/2025;;01/09/2025;18:40:04;BAHMAN;AGUSTIN LOPEZ;15 - TERMINACION SORGO-19/08/2025 - BAHMAN - 2025-09-01 18:21;45,48%;78,76%
166018980000000;34;34-G2-25;;5;1120,0000;TERMINACION SORGO-19/08/2025;;01/09/2025;18:31:18;BAHMAN;AGUSTIN LOPEZ;15 - TERMINACION SORGO-19/08/2025 - BAHMAN - 2025-09-01 18:21;45,48%;78,76%
166018980000000;37;37-G2-25;;5;385,0000;TERMINACION SORGO-19/08/2025;;01/09/2025;18:30:14;BAHMAN;AGUSTIN LOPEZ;15 - TERMINACION SORGO-19/08/2025 - BAHMAN - 2025-09-01 18:21;45,48%;78,76%
166018980000000;46;46-G3-25;;5;695,0000;TERMINACION SORGO-19/08/2025;;01/09/2025;18:28:50;BAHMAN;AGUSTIN LOPEZ;15 - TERMINACION SORGO-19/08/2025 - BAHMAN - 2025-09-01 18:21;45,48%;78,76%
166018980000000;47;47-G1-25;;5;270,0000;TERMINACION SORGO-19/08/2025;;01/09/2025;18:28:18;BAHMAN;AGUSTIN LOPEZ;15 - TERMINACION SORGO-19/08/2025 - BAHMAN - 2025-09-01 18:21;45,48%;78,76%
166018980000000;48;48-G1-25;;5;800,0000;TERMINACION SORGO-19/08/2025;;01/09/2025;18:27:37;BAHMAN;AGUSTIN LOPEZ;15 - TERMINACION SORGO-19/08/2025 - BAHMAN - 2025-09-01 18:21;45,48%;78,76%
166018980000000;52;52-G2-25;;5;310,0000;TERMINACION SORGO-19/08/2025;;01/09/2025;18:26:42;BAHMAN;AGUSTIN LOPEZ;15 - TERMINACION SORGO-19/08/2025 - BAHMAN - 2025-09-01 18:21;45,48%;78,76%
166018980000000;01;01-G1-25;;5;315,0000;TERMINACION SORGO-19/08/2025;;01/09/2025;18:34:09;BAHMAN;AGUSTIN LOPEZ;15 - TERMINACION SORGO-19/08/2025 - BAHMAN - 2025-09-01 18:21;45,48%;78,76%
166018980000000;02;02-G2-25;;5;395,0000;TERMINACION SORGO-19/08/2025;;01/09/2025;18:34:28;BAHMAN;AGUSTIN LOPEZ;15 - TERMINACION SORGO-19/08/2025 - BAHMAN - 2025-09-01 18:21;45,48%;78,76%
166018980000000;06;06-G1-25;;5;550,0000;TERMINACION SORGO-19/08/2025;;01/09/2025;18:35:42;BAHMAN;AGUSTIN LOPEZ;15 - TERMINACION SORGO-19/08/2025 - BAHMAN - 2025-09-01 18:21;45,48%;78,76%
166018980000000;08;08-G2-25;;5;385,0000;TERMINACION SORGO-19/08/2025;;01/09/2025;18:36:27;BAHMAN;AGUSTIN LOPEZ;15 - TERMINACION SORGO-19/08/2025 - BAHMAN - 2025-09-01 18:21;45,48%;78,76%
166018980000000;09;49-G1-25;;5;455,0000;TERMINACION SORGO-19/08/2025;;01/09/2025;18:36:47;BAHMAN;AGUSTIN LOPEZ;15 - TERMINACION SORGO-19/08/2025 - BAHMAN - 2025-09-01 18:21;45,48%;78,76%
166018980000000;11;11-G1-25;;5;500,0000;TERMINACION SORGO-19/08/2025;;01/09/2025;18:37:44;BAHMAN;AGUSTIN LOPEZ;15 - TERMINACION SORGO-19/08/2025 - BAHMAN - 2025-09-01 18:21;45,48%;78,76%
166018980000000;12;12-G2-25;;5;300,0000;TERMINACION SORGO-19/08/2025;;01/09/2025;18:38:08;BAHMAN;AGUSTIN LOPEZ;15 - TERMINACION SORGO-19/08/2025 - BAHMAN - 2025-09-01 18:21;45,48%;78,76%
166018980000000;13;13-G2-25;;5;540,0000;TERMINACION SORGO-19/08/2025;;01/09/2025;18:40:04;BAHMAN;AGUSTIN LOPEZ;15 - TERMINACION SORGO-19/08/2025 - BAHMAN - 2025-09-01 18:21;45,48%;78,76%
166018980000000;34;34-G2-25;;5;1120,0000;TERMINACION SORGO-19/08/2025;;01/09/2025;18:31:18;BAHMAN;AGUSTIN LOPEZ;15 - TERMINACION SORGO-19/08/2025 - BAHMAN - 2025-09-01 18:21;45,48%;78,76%
166018980000000;37;37-G2-25;;5;385,0000;TERMINACION SORGO-19/08/2025;;01/09/2025;18:30:14;BAHMAN;AGUSTIN LOPEZ;15 - TERMINACION SORGO-19/08/2025 - BAHMAN - 2025-09-01 18:21;45,48%;78,76%
166018980000000;46;46-G3-25;;5;695,0000;TERMINACION SORGO-19/08/2025;;01/09/2025;18:28:50;BAHMAN;AGUSTIN LOPEZ;15 - TERMINACION SORGO-19/08/2025 - BAHMAN - 2025-09-01 18:21;45,48%;78,76%
166018980000000;47;47-G1-25;;5;270,0000;TERMINACION SORGO-19/08/2025;;01/09/2025;18:28:18;BAHMAN;AGUSTIN LOPEZ;15 - TERMINACION SORGO-19/08/2025 - BAHMAN - 2025-09-01 18:21;45,48%;78,76%
166018980000000;48;48-G1-25;;5;800,0000;TERMINACION SORGO-19/08/2025;;01/09/2025;18:27:37;BAHMAN;AGUSTIN LOPEZ;15 - TERMINACION SORGO-19/08/2025 - BAHMAN - 2025-09-01 18:21;45,48%;78,76%
166018980000000;52;52-G2-25;;5;310,0000;TERMINACION SORGO-19/08/2025;;01/09/2025;18:26:42;BAHMAN;AGUSTIN LOPEZ;15 - TERMINACION SORGO-19/08/2025 - BAHMAN - 2025-09-01 18:21;45,48%;78,76%
 ;Total: 265; ;; ; ; ;; ; ; ; ; ; ; 
1 / 10;;;;;;;;;;;;;;
