;;;DESVIO DO CARREGAMENTO;;;;;;;;;;;
Data;Hora;Pazeiro;;Vagão;Dieta;Nro Carregamento;;Ingrediente;Tipo Ingrediente;Carregado (kg);Previsto (kg);Desvio (kg);Desvio (%);Status
14/09/2025;16:15:01;RUBEN VIERA;;BAHMAN;RECRIA FEMEA 08/08/2025;12;;Pré-Mistura;Pré-Mistura;227,68629;208;19,68629;9,47%;VERMELHO
14/09/2025;15:29:41;RUBEN VIERA;;BAHMAN;TERMINACION SORGO-19/08/2025;11;;Pré-Mistura;Pré-Mistura;346,12099;346;0,12099;0,04%;VERDE
14/09/2025;14:46:13;RUBEN VIERA;;BAHMAN;CRECIMIENTO SORGO.19/08/2025;10;;Pré-Mistura;Pré-Mistura;359,1088;354;5,1088;1,44%;VERDE
14/09/2025;14:03:33;RUBEN VIERA;;BAHMAN;CRECIMIENTO SORGO.19/08/2025;9;;Pré-Mistura;Pré-Mistura;412,232;412;0,232;0,06%;VERDE
14/09/2025;13:22:39;RUBEN VIERA;;BAHMAN;CRECIMIENTO SORGO.19/08/2025;8;;Pré-Mistura;Pré-Mistura;417,23482;412;5,23482;1,27%;VERDE
14/09/2025;10:58:43;RUBEN VIERA;;BAHMAN;RECRIA FEMEA 08/08/2025;7;;Pré-Mistura;Pré-Mistura;220,386;220;0,386;0,18%;VERDE
14/09/2025;10:13:47;RUBEN VIERA;;BAHMAN;TERMINACION SORGO-19/08/2025;6;;Pré-Mistura;Pré-Mistura;405,888;405;0,888;0,22%;VERDE
14/09/2025;09:34:49;RUBEN VIERA;;BAHMAN;CRECIMIENTO SORGO.19/08/2025;5;;Pré-Mistura;Pré-Mistura;417,23482;412;5,23482;1,27%;VERDE
14/09/2025;08:55:55;RUBEN VIERA;;BAHMAN;CRECIMIENTO SORGO.19/08/2025;4;;Pré-Mistura;Pré-Mistura;412,232;412;0,232;0,06%;VERDE
14/09/2025;08:11:09;RUBEN VIERA;;BAHMAN;RECRIA FEMEA 08/08/2025;3;;Pré-Mistura;Pré-Mistura;293,848;294;0,152;-0,05%;VERDE
14/09/2025;07:21:41;RUBEN VIERA;;BAHMAN;CRECIMIENTO SORGO.19/08/2025;2;;Pré-Mistura;Pré-Mistura;412,232;412;0,232;0,06%;VERDE
14/09/2025;06:16:51;RUBEN VIERA;;BAHMAN;TERMINACION SORGO-19/08/2025;1;;Pré-Mistura;Pré-Mistura;405,888;405;0,888;0,22%;VERDE
13/09/2025;17:01:12;RUBEN VIERA;;BAHMAN;RECRIA FEMEA 08/08/2025;12;;Pré-Mistura;Pré-Mistura;180,71652;180;0,71652;0,40%;VERDE
13/09/2025;16:12:31;RUBEN VIERA;;BAHMAN;TERMINACION SORGO-19/08/2025;11;;Pré-Mistura;Pré-Mistura;354,54317;354;0,54317;0,15%;VERDE
13/09/2025;15:22:28;RUBEN VIERA;;BAHMAN;CRECIMIENTO SORGO.19/08/2025;10;;Pré-Mistura;Pré-Mistura;380,85084;381;0,14916;-0,04%;VERDE
13/09/2025;14:35:49;RUBEN VIERA;;BAHMAN;CRECIMIENTO SORGO.19/08/2025;9;;Pré-Mistura;Pré-Mistura;412,232;412;0,232;0,06%;VERDE
13/09/2025;13:57:41;RUBEN VIERA;;BAHMAN;RECRIA FEMEA 08/08/2025;8;;Pré-Mistura;Pré-Mistura;165,2895;165;0,2895;0,18%;VERDE
13/09/2025;13:19:20;RUBEN VIERA;;BAHMAN;CRECIMIENTO SORGO.19/08/2025;7;;Pré-Mistura;Pré-Mistura;417,23482;412;5,23482;1,27%;VERDE
13/09/2025;11:24:39;RUBEN VIERA;;BAHMAN;TERMINACION SORGO-19/08/2025;6;;Pré-Mistura;Pré-Mistura;405,888;405;0,888;0,22%;VERDE
13/09/2025;10:45:36;RUBEN VIERA;;BAHMAN;CRECIMIENTO SORGO.19/08/2025;5;;Pré-Mistura;Pré-Mistura;417,23482;412;5,23482;1,27%;VERDE
13/09/2025;10:03:26;RUBEN VIERA;;BAHMAN;CRECIMIENTO SORGO.19/08/2025;4;;Pré-Mistura;Pré-Mistura;412,232;412;0,232;0,06%;VERDE
13/09/2025;08:37:33;RUBEN VIERA;;BAHMAN;RECRIA FEMEA 08/08/2025;3;;Pré-Mistura;Pré-Mistura;293,848;294;0,152;-0,05%;VERDE
13/09/2025;07:46:42;RUBEN VIERA;;BAHMAN;TERMINACION SORGO-19/08/2025;2;;Pré-Mistura;Pré-Mistura;405,888;405;0,888;0,22%;VERDE
13/09/2025;06:17:16;RUBEN VIERA;;BAHMAN;CRECIMIENTO SORGO.19/08/2025;1;;Pré-Mistura;Pré-Mistura;412,232;412;0,232;0,06%;VERDE
12/09/2025;16:22:08;RUBEN VIERA;;SILOKING;RECRIA FEMEA 08/08/2025;7;;Pré-Mistura;Pré-Mistura;203,483;108,72376;94,75924;87,16%;PRETO
12/09/2025;16:20:41;RUBEN VIERA;;BAHMAN;TERMINACION SORGO-19/08/2025;10;;Pré-Mistura;Pré-Mistura;104,66837;105;0,33163;-0,32%;VERDE
12/09/2025;15:35:59;RUBEN VIERA;;BAHMAN;CRECIMIENTO SORGO.19/08/2025;9;;Pré-Mistura;Pré-Mistura;417,23482;412;5,23482;1,27%;VERDE
12/09/2025;14:53:39;RUBEN VIERA;;BAHMAN;CRECIMIENTO SORGO.19/08/2025;8;;Pré-Mistura;Pré-Mistura;417,23482;412;5,23482;1,27%;VERDE
12/09/2025;14:03:12;RUBEN VIERA;;BAHMAN;TERMINACION SORGO-19/08/2025;7;;Pré-Mistura;Pré-Mistura;405,888;405;0,888;0,22%;VERDE
12/09/2025;13:21:31;RUBEN VIERA;;BAHMAN;CRECIMIENTO SORGO.19/08/2025;6;;Pré-Mistura;Pré-Mistura;412,232;412;0,232;0,06%;VERDE
12/09/2025;10:59:19;RUBEN VIERA;;SILOKING;RECRIA FEMEA 08/08/2025;5;;Pré-Mistura;Pré-Mistura;141,92659;147;5,07341;-3,45%;AMARELO
12/09/2025;09:50:44;RUBEN VIERA;;BAHMAN;CRECIMIENTO SORGO.19/08/2025;5;;Pré-Mistura;Pré-Mistura;412,232;412;0,232;0,06%;VERDE
12/09/2025;08:55:19;RUBEN VIERA;;BAHMAN;TERMINACION SORGO-19/08/2025;4;;Pré-Mistura;Pré-Mistura;405,888;405;0,888;0,22%;VERDE
12/09/2025;08:17:38;RUBEN VIERA;;BAHMAN;CRECIMIENTO SORGO.19/08/2025;3;;Pré-Mistura;Pré-Mistura;407,22918;412,232;5,00282;-1,21%;VERDE
12/09/2025;07:49:45;RUBEN VIERA;;SILOKING;RECRIA FEMEA 08/08/2025;2;;Pré-Mistura;Pré-Mistura;220,386;220;0,386;0,18%;VERDE
12/09/2025;07:23:49;RUBEN VIERA;;BAHMAN;CRECIMIENTO SORGO.19/08/2025;2;;Pré-Mistura;Pré-Mistura;407,22918;412;4,77082;-1,16%;VERDE
12/09/2025;06:18:14;RUBEN VIERA;;BAHMAN;TERMINACION SORGO-19/08/2025;1;;Pré-Mistura;Pré-Mistura;247,74389;247;0,74389;0,30%;VERDE
12/09/2025;06:11:38;RUBEN VIERA;;SILOKING;RECRIA FEMEA 08/08/2025;1;;Pré-Mistura;Pré-Mistura;220,386;220;0,386;0,18%;VERDE
11/09/2025;18:56:21;RUBEN VIERA;;BAHMAN;RECRIA FEMEA 08/08/2025;11;;Pré-Mistura;Pré-Mistura;72,65392;72,65392;0;0,00%;VERDE
11/09/2025;16:45:59;RUBEN VIERA;;BAHMAN;CRECIMIENTO SORGO.19/08/2025;10;;Pré-Mistura;Pré-Mistura;412,232;412;0,232;0,06%;VERDE
11/09/2025;16:25:01;RUBEN VIERA;;SILOKING;RECRIA FEMEA 08/08/2025;5;;Pré-Mistura;Pré-Mistura;209,69728;210;0,30272;-0,14%;VERDE
11/09/2025;15:50:19;RUBEN VIERA;;BAHMAN;TERMINACION SORGO-19/08/2025;9;;Pré-Mistura;Pré-Mistura;404,97475;405;0,02525;-0,01%;VERDE
11/09/2025;14:44:12;RUBEN VIERA;;BAHMAN;CRECIMIENTO SORGO.19/08/2025;8;;Pré-Mistura;Pré-Mistura;412,232;412;0,232;0,06%;VERDE
11/09/2025;14:01:28;RUBEN VIERA;;BAHMAN;CRECIMIENTO SORGO.19/08/2025;7;;Pré-Mistura;Pré-Mistura;412,232;412;0,232;0,06%;VERDE
11/09/2025;13:25:54;RUBEN VIERA;;BAHMAN;TERMINACION SORGO-19/08/2025;6;;Pré-Mistura;Pré-Mistura;218,1648;218;0,1648;0,08%;VERDE
11/09/2025;10:49:46;RUBEN VIERA;;BAHMAN;CRECIMIENTO SORGO.19/08/2025;5;;Pré-Mistura;Pré-Mistura;407,22918;412,232;5,00282;-1,21%;VERDE
11/09/2025;08:54:11;RUBEN VIERA;;BAHMAN;CRECIMIENTO SORGO.19/08/2025;4;;Pré-Mistura;Pré-Mistura;407,22918;412;4,77082;-1,16%;VERDE
11/09/2025;08:05:05;RUBEN VIERA;;BAHMAN;TERMINACION SORGO-19/08/2025;3;;Pré-Mistura;Pré-Mistura;253,37558;253;0,37558;0,15%;VERDE
11/09/2025;07:38:34;RUBEN VIERA;;SILOKING;RECRIA FEMEA 08/08/2025;2;;Pré-Mistura;Pré-Mistura;194,6743;195;0,3257;-0,17%;VERDE
11/09/2025;07:17:43;RUBEN VIERA;;BAHMAN;CRECIMIENTO SORGO.19/08/2025;2;;Pré-Mistura;Pré-Mistura;412,232;412;0,232;0,06%;VERDE
11/09/2025;06:11:18;RUBEN VIERA;;SILOKING;RECRIA FEMEA 08/08/2025;1;;Pré-Mistura;Pré-Mistura;219,63254;195;24,63254;12,63%;PRETO
11/09/2025;06:10:42;RUBEN VIERA;;BAHMAN;TERMINACION SORGO-19/08/2025;1;;Pré-Mistura;Pré-Mistura;196,0439;196;0,0439;0,02%;VERDE
10/09/2025;17:21:41;RUBEN VIERA;;BAHMAN;CRECIMIENTO SORGO.19/08/2025;11;;Pré-Mistura;Pré-Mistura;78,16949;77;1,16949;1,52%;VERDE
10/09/2025;16:30:10;RUBEN VIERA;;SILOKING;RECRIA FEMEA 08/08/2025;5;;Pré-Mistura;Pré-Mistura;198,05355;198,05355;0;0,00%;VERDE
10/09/2025;16:28:42;RUBEN VIERA;;BAHMAN;TERMINACION SORGO-19/08/2025;10;;Pré-Mistura;Pré-Mistura;389,96733;394;4,03267;-1,02%;VERDE
10/09/2025;15:39:24;RUBEN VIERA;;BAHMAN;CRECIMIENTO SORGO.19/08/2025;9;;Pré-Mistura;Pré-Mistura;412,232;412;0,232;0,06%;VERDE
10/09/2025;14:37:13;RUBEN VIERA;;BAHMAN;CRECIMIENTO SORGO.19/08/2025;8;;Pré-Mistura;Pré-Mistura;412,232;412;0,232;0,06%;VERDE
10/09/2025;13:55:29;RUBEN VIERA;;BAHMAN;CRECIMIENTO SORGO.19/08/2025;7;;Pré-Mistura;Pré-Mistura;412,232;412;0,232;0,06%;VERDE
10/09/2025;10:48:01;RUBEN VIERA;;BAHMAN;TERMINACION SORGO-19/08/2025;6;;Pré-Mistura;Pré-Mistura;405,888;405;0,888;0,22%;VERDE
10/09/2025;09:52:43;RUBEN VIERA;;BAHMAN;CRECIMIENTO SORGO.19/08/2025;5;;Pré-Mistura;Pré-Mistura;412,232;412;0,232;0,06%;VERDE
10/09/2025;09:09:55;RUBEN VIERA;;BAHMAN;TERMINACION SORGO-19/08/2025;4;;Pré-Mistura;Pré-Mistura;405,888;405,888;0;0,00%;VERDE
10/09/2025;08:59:27;FERNANDO;;SILOKING;RECRIA FEMEA 08/08/2025;2;;Pré-Mistura;Pré-Mistura;144,79804;149;4,20196;-2,82%;VERDE
10/09/2025;08:09:08;RUBEN VIERA;;BAHMAN;CRECIMIENTO SORGO.19/08/2025;3;;Pré-Mistura;Pré-Mistura;407,22918;412;4,77082;-1,16%;VERDE
10/09/2025;07:15:17;RUBEN VIERA;;BAHMAN;CRECIMIENTO SORGO.19/08/2025;2;;Pré-Mistura;Pré-Mistura;412,232;412;0,232;0,06%;VERDE
10/09/2025;06:14:35;RUBEN VIERA;;BAHMAN;TERMINACION SORGO-19/08/2025;1;;Pré-Mistura;Pré-Mistura;327,19646;327;0,19646;0,06%;VERDE
10/09/2025;06:13:12;FERNANDO;;SILOKING;RECRIA FEMEA 08/08/2025;1;;Pré-Mistura;Pré-Mistura;275,4825;220;55,4825;25,22%;PRETO
09/09/2025;17:55:10;RUBEN VIERA;;BAHMAN;CRECIMIENTO SORGO.19/08/2025;9;;Pré-Mistura;Pré-Mistura;306,8552;306;0,8552;0,28%;VERDE
09/09/2025;17:49:08;RUBEN VIERA;;SILOKING;RECRIA FEMEA 08/08/2025;10;;Pré-Mistura;Pré-Mistura;1,89666;22;20,10334;-91,38%;PRETO
09/09/2025;17:08:55;RUBEN VIERA;;BAHMAN;CRECIMIENTO SORGO.19/08/2025;8;;Pré-Mistura;Pré-Mistura;412,232;412;0,232;0,06%;VERDE
09/09/2025;16:57:29;RUBEN VIERA;;SILOKING;RECRIA FEMEA 08/08/2025;9;;Pré-Mistura;Pré-Mistura;220,386;220;0,386;0,18%;VERDE
09/09/2025;16:33:49;RUBEN VIERA;;BAHMAN;TERMINACION SORGO-19/08/2025;7;;Pré-Mistura;Pré-Mistura;270,11846;270;0,11846;0,04%;VERDE
09/09/2025;15:38:16;RUBEN VIERA;;BAHMAN;TERMINACION SORGO-19/08/2025;6;;Pré-Mistura;Pré-Mistura;405,888;405;0,888;0,22%;VERDE
09/09/2025;14:36:47;RUBEN VIERA;;BAHMAN;CRECIMIENTO SORGO.19/08/2025;5;;Pré-Mistura;Pré-Mistura;412,232;412;0,232;0,06%;VERDE
09/09/2025;13:49:17;RUBEN VIERA;;BAHMAN;CRECIMIENTO SORGO.19/08/2025;4;;Pré-Mistura;Pré-Mistura;412,232;412;0,232;0,06%;VERDE
09/09/2025;11:23:27;RUBEN VIERA;;BAHMAN;TERMINACION SORGO-19/08/2025;3;;Pré-Mistura;Pré-Mistura;405,888;405,888;0;0,00%;VERDE
09/09/2025;11:14:05;RUBEN VIERA;;SILOKING;RECRIA FEMEA 08/08/2025;6;;Pré-Mistura;Pré-Mistura;220,386;220;0,386;0,18%;VERDE
09/09/2025;10:35:08;RUBEN VIERA;;SILOKING;CRECIMIENTO SORGO.19/08/2025;5;;Pré-Mistura;Pré-Mistura;299,16837;309;9,83163;-3,18%;AMARELO
09/09/2025;09:57:55;RUBEN VIERA;;SILOKING;CRECIMIENTO SORGO.19/08/2025;4;;Pré-Mistura;Pré-Mistura;314,17682;309;5,17682;1,68%;VERDE
09/09/2025;09:18:57;RUBEN VIERA;;SILOKING;TERMINACION SORGO-19/08/2025;3;;Pré-Mistura;Pré-Mistura;262,71101;263;0,28899;-0,11%;VERDE
09/09/2025;08:32:36;RUBEN VIERA;;SILOKING;TERMINACION SORGO-19/08/2025;2;;Pré-Mistura;Pré-Mistura;294,43515;305;10,56485;-3,46%;AMARELO
09/09/2025;07:20:31;RUBEN VIERA;;BAHMAN;CRECIMIENTO SORGO.19/08/2025;2;;Pré-Mistura;Pré-Mistura;422,23763;412;10,23763;2,49%;VERDE
09/09/2025;06:20:33;RUBEN VIERA;;BAHMAN;TERMINACION SORGO-19/08/2025;1;;Pré-Mistura;Pré-Mistura;405,888;405;0,888;0,22%;VERDE
09/09/2025;06:19:32;RUBEN VIERA;;SILOKING;RECRIA FEMEA 08/08/2025;1;;Pré-Mistura;Pré-Mistura;198,71471;199;0,28529;-0,14%;VERDE
08/09/2025;18:00:23;RUBEN VIERA;;BAHMAN;TERMINACION SORGO-19/08/2025;13;;Pré-Mistura;Pré-Mistura;45,93963;46;0,06038;-0,13%;VERDE
08/09/2025;17:11:08;RUBEN VIERA;;BAHMAN;TERMINACION SORGO-19/08/2025;12;;Pré-Mistura;Pré-Mistura;437;437;0;0,00%;VERDE
08/09/2025;16:37:58;RUBEN VIERA;;BAHMAN;CRECIMIENTO SORGO.19/08/2025;11;;Pré-Mistura;Pré-Mistura;364,93738;360;4,93738;1,37%;VERDE
08/09/2025;15:54:59;RUBEN VIERA;;BAHMAN;CRECIMIENTO SORGO.19/08/2025;10;;Pré-Mistura;Pré-Mistura;449,712;449;0,712;0,16%;VERDE
08/09/2025;15:42:49;RUBEN VIERA;;SILOKING;RECRIA FEMEA 08/08/2025;5;;Pré-Mistura;Pré-Mistura;150,33374;151;0,66626;-0,44%;VERDE
08/09/2025;15:08:33;RUBEN VIERA;;BAHMAN;TERMINACION SORGO-19/08/2025;9;;Pré-Mistura;Pré-Mistura;437;437;0;0,00%;VERDE
08/09/2025;14:24:28;RUBEN VIERA;;BAHMAN;CRECIMIENTO SORGO.19/08/2025;8;;Pré-Mistura;Pré-Mistura;454,71993;449;5,71993;1,27%;VERDE
08/09/2025;13:42:49;RUBEN VIERA;;BAHMAN;TERMINACION SORGO-19/08/2025;7;;Pré-Mistura;Pré-Mistura;442;437;5;1,14%;VERDE
08/09/2025;10:19:25;RUBEN VIERA;;BAHMAN;CRECIMIENTO SORGO.19/08/2025;6;;Pré-Mistura;Pré-Mistura;449,712;449;0,712;0,16%;VERDE
08/09/2025;09:48:47;RUBEN VIERA;;SILOKING;RECRIA FEMEA 08/08/2025;3;;Pré-Mistura;Pré-Mistura;182,26807;182;0,26807;0,15%;VERDE
08/09/2025;09:47:51;RUBEN VIERA;;BAHMAN;TERMINACION SORGO-19/08/2025;5;;Pré-Mistura;Pré-Mistura;164,36663;164;0,36663;0,22%;VERDE
08/09/2025;09:03:04;RUBEN VIERA;;BAHMAN;TERMINACION SORGO-19/08/2025;4;;Pré-Mistura;Pré-Mistura;437;437;0;0,00%;VERDE
08/09/2025;08:28:31;RUBEN VIERA;;SILOKING;RECRIA FEMEA 08/08/2025;2;;Pré-Mistura;Pré-Mistura;176,92192;177;0,07808;-0,04%;VERDE
08/09/2025;08:10:00;RUBEN VIERA;;BAHMAN;CRECIMIENTO SORGO.19/08/2025;3;;Pré-Mistura;Pré-Mistura;449,712;449;0,712;0,16%;VERDE
08/09/2025;07:16:10;RUBEN VIERA;;SILOKING;RECRIA FEMEA 08/08/2025;1;;Pré-Mistura;Pré-Mistura;154,25425;155;0,74575;-0,48%;VERDE
08/09/2025;07:15:08;RUBEN VIERA;;BAHMAN;CRECIMIENTO SORGO.19/08/2025;2;;Pré-Mistura;Pré-Mistura;449,712;449;0,712;0,16%;VERDE
08/09/2025;06:13:08;RUBEN VIERA;;BAHMAN;TERMINACION SORGO-19/08/2025;1;;Pré-Mistura;Pré-Mistura;437;437;0;0,00%;VERDE
14/09/2025;16:24:06;RUBEN VIERA;;BAHMAN;RECRIA FEMEA 08/08/2025;12;;CAPIASU;Vagão;3.981,00;3.981,00;0;0,00%;VERDE
14/09/2025;16:12:45;RUBEN VIERA;;BAHMAN;RECRIA FEMEA 08/08/2025;12;;MAIZ HUMIDO;Vagão;1.466,00;1.466,00;0;0,00%;VERDE
14/09/2025;15:36:49;RUBEN VIERA;;BAHMAN;TERMINACION SORGO-19/08/2025;11;;Sorgo, silagem;Vagão;3.612,00;3.607,00;5;0,14%;VERDE
14/09/2025;15:26:46;RUBEN VIERA;;BAHMAN;TERMINACION SORGO-19/08/2025;11;;MAIZ HUMIDO;Vagão;1.509,00;1.509,00;0;0,00%;VERDE
14/09/2025;15:23:32;RUBEN VIERA;;BAHMAN;TERMINACION SORGO-19/08/2025;11;;Sorgo, grão úmido silagem;Vagão;1.370,00;1.360,00;10;0,74%;VERDE
14/09/2025;14:54:15;RUBEN VIERA;;BAHMAN;CRECIMIENTO SORGO.19/08/2025;10;;Sorgo, silagem;Vagão;4.092,00;4.092,00;0;0,00%;VERDE
14/09/2025;14:43:47;RUBEN VIERA;;BAHMAN;CRECIMIENTO SORGO.19/08/2025;10;;MAIZ HUMIDO;Vagão;1.311,00;1.311,00;0;0,00%;VERDE
14/09/2025;14:42:04;RUBEN VIERA;;BAHMAN;CRECIMIENTO SORGO.19/08/2025;10;;Sorgo, grão úmido silagem;Vagão;1.115,00;1.115,00;0;0,00%;VERDE
14/09/2025;14:12:11;RUBEN VIERA;;BAHMAN;CRECIMIENTO SORGO.19/08/2025;9;;Sorgo, silagem;Vagão;4.763,00;4.763,00;0;0,00%;VERDE
14/09/2025;14:00:42;RUBEN VIERA;;BAHMAN;CRECIMIENTO SORGO.19/08/2025;9;;MAIZ HUMIDO;Vagão;1.526,00;1.526,00;0;0,00%;VERDE
14/09/2025;13:57:52;RUBEN VIERA;;BAHMAN;CRECIMIENTO SORGO.19/08/2025;9;;Sorgo, grão úmido silagem;Vagão;1.298,00;1.298,00;0;0,00%;VERDE
14/09/2025;13:30:37;RUBEN VIERA;;BAHMAN;CRECIMIENTO SORGO.19/08/2025;8;;Sorgo, silagem;Vagão;4.763,00;4.763,00;0;0,00%;VERDE
14/09/2025;13:20:28;RUBEN VIERA;;BAHMAN;CRECIMIENTO SORGO.19/08/2025;8;;MAIZ HUMIDO;Vagão;1.526,00;1.526,00;0;0,00%;VERDE
14/09/2025;13:17:49;RUBEN VIERA;;BAHMAN;CRECIMIENTO SORGO.19/08/2025;8;;Sorgo, grão úmido silagem;Vagão;1.303,00;1.298,00;5;0,39%;VERDE
14/09/2025;11:07:53;RUBEN VIERA;;BAHMAN;RECRIA FEMEA 08/08/2025;7;;CAPIASU;Vagão;4.224,00;4.224,00;0;0,00%;VERDE
14/09/2025;10:56:31;RUBEN VIERA;;BAHMAN;RECRIA FEMEA 08/08/2025;7;;MAIZ HUMIDO;Vagão;1.550,00;1.555,00;-5;-0,32%;VERDE
14/09/2025;10:21:52;RUBEN VIERA;;BAHMAN;TERMINACION SORGO-19/08/2025;6;;Sorgo, silagem;Vagão;4.230,00;4.230,00;0;0,00%;VERDE
14/09/2025;10:11:33;RUBEN VIERA;;BAHMAN;TERMINACION SORGO-19/08/2025;6;;MAIZ HUMIDO;Vagão;1.774,00;1.769,00;5;0,28%;VERDE
14/09/2025;10:06:52;RUBEN VIERA;;BAHMAN;TERMINACION SORGO-19/08/2025;6;;Sorgo, grão úmido silagem;Vagão;1.595,00;1.595,00;0;0,00%;VERDE
14/09/2025;09:43:34;RUBEN VIERA;;BAHMAN;CRECIMIENTO SORGO.19/08/2025;5;;Sorgo, silagem;Vagão;4.763,00;4.763,00;0;0,00%;VERDE
14/09/2025;09:31:36;RUBEN VIERA;;BAHMAN;CRECIMIENTO SORGO.19/08/2025;5;;MAIZ HUMIDO;Vagão;1.516,00;1.526,00;-10;-0,66%;VERDE
14/09/2025;09:27:53;RUBEN VIERA;;BAHMAN;CRECIMIENTO SORGO.19/08/2025;5;;Sorgo, grão úmido silagem;Vagão;1.298,00;1.298,00;0;0,00%;VERDE
14/09/2025;09:04:09;RUBEN VIERA;;BAHMAN;CRECIMIENTO SORGO.19/08/2025;4;;Sorgo, silagem;Vagão;4.763,00;4.763,00;0;0,00%;VERDE
14/09/2025;08:53:33;RUBEN VIERA;;BAHMAN;CRECIMIENTO SORGO.19/08/2025;4;;MAIZ HUMIDO;Vagão;1.526,00;1.526,00;0;0,00%;VERDE
14/09/2025;08:49:49;RUBEN VIERA;;BAHMAN;CRECIMIENTO SORGO.19/08/2025;4;;Sorgo, grão úmido silagem;Vagão;1.298,00;1.298,00;0;0,00%;VERDE
14/09/2025;08:20:29;RUBEN VIERA;;BAHMAN;RECRIA FEMEA 08/08/2025;3;;CAPIASU;Vagão;5.632,00;5.632,00;0;0,00%;VERDE
14/09/2025;08:07:47;RUBEN VIERA;;BAHMAN;RECRIA FEMEA 08/08/2025;3;;MAIZ HUMIDO;Vagão;2.074,00;2.074,00;0;0,00%;VERDE
14/09/2025;07:30:36;RUBEN VIERA;;BAHMAN;CRECIMIENTO SORGO.19/08/2025;2;;Sorgo, silagem;Vagão;4.763,00;4.763,00;0;0,00%;VERDE
14/09/2025;07:18:58;RUBEN VIERA;;BAHMAN;CRECIMIENTO SORGO.19/08/2025;2;;MAIZ HUMIDO;Vagão;1.521,00;1.526,00;-5;-0,33%;VERDE
14/09/2025;07:16:58;RUBEN VIERA;;BAHMAN;CRECIMIENTO SORGO.19/08/2025;2;;Sorgo, grão úmido silagem;Vagão;1.298,00;1.298,00;0;0,00%;VERDE
14/09/2025;06:25:09;RUBEN VIERA;;BAHMAN;TERMINACION SORGO-19/08/2025;1;;Sorgo, silagem;Vagão;4.230,00;4.230,00;0;0,00%;VERDE
14/09/2025;06:12:08;RUBEN VIERA;;BAHMAN;TERMINACION SORGO-19/08/2025;1;;MAIZ HUMIDO;Vagão;1.764,00;1.769,00;-5;-0,28%;VERDE
14/09/2025;06:08:46;RUBEN VIERA;;BAHMAN;TERMINACION SORGO-19/08/2025;1;;Sorgo, grão úmido silagem;Vagão;1.610,00;1.595,00;15;0,94%;VERDE
13/09/2025;17:08:33;RUBEN VIERA;;BAHMAN;RECRIA FEMEA 08/08/2025;12;;CAPIASU;Vagão;3.464,00;3.464,00;0;0,00%;VERDE
13/09/2025;16:59:04;RUBEN VIERA;;BAHMAN;RECRIA FEMEA 08/08/2025;12;;MAIZ HUMIDO;Vagão;1.280,00;1.275,00;5;0,39%;VERDE
13/09/2025;16:20:32;RUBEN VIERA;;BAHMAN;TERMINACION SORGO-19/08/2025;11;;Sorgo, silagem;Vagão;3.695,00;3.695,00;0;0,00%;VERDE
13/09/2025;16:08:57;RUBEN VIERA;;BAHMAN;TERMINACION SORGO-19/08/2025;11;;MAIZ HUMIDO;Vagão;1.541,00;1.546,00;-5;-0,32%;VERDE
13/09/2025;16:04:40;RUBEN VIERA;;BAHMAN;TERMINACION SORGO-19/08/2025;11;;Sorgo, grão úmido silagem;Vagão;1.393,00;1.393,00;0;0,00%;VERDE
13/09/2025;15:31:29;RUBEN VIERA;;BAHMAN;CRECIMIENTO SORGO.19/08/2025;10;;Sorgo, silagem;Vagão;4.401,00;4.401,00;0;0,00%;VERDE
13/09/2025;15:19:57;RUBEN VIERA;;BAHMAN;CRECIMIENTO SORGO.19/08/2025;10;;MAIZ HUMIDO;Vagão;1.410,00;1.410,00;0;0,00%;VERDE
13/09/2025;15:18:10;RUBEN VIERA;;BAHMAN;CRECIMIENTO SORGO.19/08/2025;10;;Sorgo, grão úmido silagem;Vagão;1.204,00;1.199,00;5;0,42%;VERDE
13/09/2025;14:44:14;RUBEN VIERA;;BAHMAN;CRECIMIENTO SORGO.19/08/2025;9;;Sorgo, silagem;Vagão;4.763,00;4.763,00;0;0,00%;VERDE
13/09/2025;14:32:57;RUBEN VIERA;;BAHMAN;CRECIMIENTO SORGO.19/08/2025;9;;MAIZ HUMIDO;Vagão;1.521,00;1.526,00;-5;-0,33%;VERDE
13/09/2025;14:29:25;RUBEN VIERA;;BAHMAN;CRECIMIENTO SORGO.19/08/2025;9;;Sorgo, grão úmido silagem;Vagão;1.308,00;1.298,00;10;0,77%;VERDE
13/09/2025;14:05:20;RUBEN VIERA;;BAHMAN;RECRIA FEMEA 08/08/2025;8;;CAPIASU;Vagão;3.178,00;3.168,00;10;0,32%;VERDE
13/09/2025;13:55:15;RUBEN VIERA;;BAHMAN;RECRIA FEMEA 08/08/2025;8;;MAIZ HUMIDO;Vagão;1.167,00;1.167,00;0;0,00%;VERDE
13/09/2025;13:27:47;RUBEN VIERA;;BAHMAN;CRECIMIENTO SORGO.19/08/2025;7;;Sorgo, silagem;Vagão;4.763,00;4.763,00;0;0,00%;VERDE
13/09/2025;13:16:31;RUBEN VIERA;;BAHMAN;CRECIMIENTO SORGO.19/08/2025;7;;MAIZ HUMIDO;Vagão;1.521,00;1.526,00;-5;-0,33%;VERDE
13/09/2025;13:11:44;RUBEN VIERA;;BAHMAN;CRECIMIENTO SORGO.19/08/2025;7;;Sorgo, grão úmido silagem;Vagão;1.298,00;1.298,00;0;0,00%;VERDE
13/09/2025;11:32:42;RUBEN VIERA;;BAHMAN;TERMINACION SORGO-19/08/2025;6;;Sorgo, silagem;Vagão;4.225,00;4.230,00;-5;-0,12%;VERDE
13/09/2025;11:22:20;RUBEN VIERA;;BAHMAN;TERMINACION SORGO-19/08/2025;6;;MAIZ HUMIDO;Vagão;1.759,00;1.769,00;-10;-0,57%;VERDE
13/09/2025;11:20:18;RUBEN VIERA;;BAHMAN;TERMINACION SORGO-19/08/2025;6;;Sorgo, grão úmido silagem;Vagão;1.605,00;1.595,00;10;0,63%;VERDE
13/09/2025;10:55:14;RUBEN VIERA;;BAHMAN;CRECIMIENTO SORGO.19/08/2025;5;;Sorgo, silagem;Vagão;4.763,00;4.763,00;0;0,00%;VERDE
13/09/2025;10:42:03;RUBEN VIERA;;BAHMAN;CRECIMIENTO SORGO.19/08/2025;5;;MAIZ HUMIDO;Vagão;1.516,00;1.526,00;-10;-0,66%;VERDE
13/09/2025;10:36:28;RUBEN VIERA;;BAHMAN;CRECIMIENTO SORGO.19/08/2025;5;;Sorgo, grão úmido silagem;Vagão;1.298,00;1.298,00;0;0,00%;VERDE
13/09/2025;10:12:06;RUBEN VIERA;;BAHMAN;CRECIMIENTO SORGO.19/08/2025;4;;Sorgo, silagem;Vagão;4.763,00;4.763,00;0;0,00%;VERDE
13/09/2025;10:00:59;RUBEN VIERA;;BAHMAN;CRECIMIENTO SORGO.19/08/2025;4;;MAIZ HUMIDO;Vagão;1.521,00;1.526,00;-5;-0,33%;VERDE
13/09/2025;09:58:18;RUBEN VIERA;;BAHMAN;CRECIMIENTO SORGO.19/08/2025;4;;Sorgo, grão úmido silagem;Vagão;1.298,00;1.298,00;0;0,00%;VERDE
13/09/2025;08:48:21;RUBEN VIERA;;BAHMAN;RECRIA FEMEA 08/08/2025;3;;CAPIASU;Vagão;5.627,00;5.632,00;-5;-0,09%;VERDE
13/09/2025;08:34:45;RUBEN VIERA;;BAHMAN;RECRIA FEMEA 08/08/2025;3;;MAIZ HUMIDO;Vagão;2.069,00;2.074,00;-5;-0,24%;VERDE
13/09/2025;07:53:50;RUBEN VIERA;;BAHMAN;TERMINACION SORGO-19/08/2025;2;;Sorgo, silagem;Vagão;4.230,00;4.230,00;0;0,00%;VERDE
13/09/2025;07:43:31;RUBEN VIERA;;BAHMAN;TERMINACION SORGO-19/08/2025;2;;MAIZ HUMIDO;Vagão;1.754,00;1.769,00;-15;-0,85%;VERDE
13/09/2025;07:41:10;RUBEN VIERA;;BAHMAN;TERMINACION SORGO-19/08/2025;2;;Sorgo, grão úmido silagem;Vagão;1.595,00;1.595,00;0;0,00%;VERDE
13/09/2025;06:26:14;RUBEN VIERA;;BAHMAN;CRECIMIENTO SORGO.19/08/2025;1;;Sorgo, silagem;Vagão;4.763,00;4.763,00;0;0,00%;VERDE
13/09/2025;06:12:41;RUBEN VIERA;;BAHMAN;CRECIMIENTO SORGO.19/08/2025;1;;MAIZ HUMIDO;Vagão;1.526,00;1.526,00;0;0,00%;VERDE
13/09/2025;06:09:32;RUBEN VIERA;;BAHMAN;CRECIMIENTO SORGO.19/08/2025;1;;Sorgo, grão úmido silagem;Vagão;1.298,00;1.298,00;0;0,00%;VERDE
12/09/2025;16:28:08;RUBEN VIERA;;BAHMAN;TERMINACION SORGO-19/08/2025;10;;Sorgo, silagem;Vagão;1.091,00;1.091,00;5000;0,00%;VERDE
12/09/2025;16:18:02;RUBEN VIERA;;SILOKING;RECRIA FEMEA 08/08/2025;7;;MAIZ HUMIDO;Vagão;772;767;5;0,65%;VERDE
12/09/2025;16:16:21;RUBEN VIERA;;BAHMAN;TERMINACION SORGO-19/08/2025;10;;MAIZ HUMIDO;Vagão;456;456;0;0,00%;VERDE
12/09/2025;16:13:58;RUBEN VIERA;;BAHMAN;TERMINACION SORGO-19/08/2025;10;;Sorgo, grão úmido silagem;Vagão;406;411;-5;-1,22%;VERDE
12/09/2025;15:50:59;RUBEN VIERA;;SILOKING;RECRIA FEMEA 08/08/2025;7;;CAPIASU;Vagão;2.084,00;2.084,00;0;0,00%;VERDE
12/09/2025;15:43:41;RUBEN VIERA;;BAHMAN;CRECIMIENTO SORGO.19/08/2025;9;;Sorgo, silagem;Vagão;4.758,00;4.763,00;-5;-0,11%;VERDE
12/09/2025;15:32:57;RUBEN VIERA;;BAHMAN;CRECIMIENTO SORGO.19/08/2025;9;;MAIZ HUMIDO;Vagão;1.531,00;1.526,00;5;0,33%;VERDE
12/09/2025;15:30:31;RUBEN VIERA;;BAHMAN;CRECIMIENTO SORGO.19/08/2025;9;;Sorgo, grão úmido silagem;Vagão;1.313,00;1.298,00;15;1,16%;VERDE
12/09/2025;15:01:52;RUBEN VIERA;;BAHMAN;CRECIMIENTO SORGO.19/08/2025;8;;Sorgo, silagem;Vagão;4.773,00;4.763,00;10;0,21%;VERDE
12/09/2025;14:56:22;RUBEN VIERA;;SILOKING;PROTEINADO 03.%PV;6;;Sorgo, moído (nº3);Vagão;2.894,00;2.909,00;-15;-0,52%;VERDE
12/09/2025;14:50:40;RUBEN VIERA;;BAHMAN;CRECIMIENTO SORGO.19/08/2025;8;;MAIZ HUMIDO;Vagão;1.526,00;1.526,00;0;0,00%;VERDE
12/09/2025;14:48:26;RUBEN VIERA;;BAHMAN;CRECIMIENTO SORGO.19/08/2025;8;;Sorgo, grão úmido silagem;Vagão;1.298,00;1.298,00;0;0,00%;VERDE
12/09/2025;14:41:22;RUBEN VIERA;;SILOKING;PROTEINADO 03.%PV;6;;FARELO DE SOJA;Vagão;2.192,00;2.187,00;5;0,23%;VERDE
12/09/2025;14:33:17;RUBEN VIERA;;SILOKING;PROTEINADO 03.%PV;6;;Cloreto de sódio (Sal Comum);Vagão;320;315;5;1,59%;VERDE
12/09/2025;14:27:57;RUBEN VIERA;;SILOKING;PROTEINADO 03.%PV;6;;Fosfato Bicálcico 18;Vagão;153;148;5;3,38%;AMARELO
12/09/2025;14:24:54;RUBEN VIERA;;SILOKING;PROTEINADO 03.%PV;6;;NUCLEO PASTO;Vagão;145;145;0;0,00%;VERDE
12/09/2025;14:16:25;RUBEN VIERA;;SILOKING;PROTEINADO 03.%PV;6;;UREIA PECUARIA;Vagão;306;296;10;3,38%;AMARELO
12/09/2025;14:10:42;RUBEN VIERA;;BAHMAN;TERMINACION SORGO-19/08/2025;7;;Sorgo, silagem;Vagão;4.225,00;4.230,00;-5;-0,12%;VERDE
12/09/2025;13:59:48;RUBEN VIERA;;BAHMAN;TERMINACION SORGO-19/08/2025;7;;MAIZ HUMIDO;Vagão;1.769,00;1.769,00;0;0,00%;VERDE
12/09/2025;13:56:44;RUBEN VIERA;;BAHMAN;TERMINACION SORGO-19/08/2025;7;;Sorgo, grão úmido silagem;Vagão;1.595,00;1.595,00;0;0,00%;VERDE
12/09/2025;13:29:31;RUBEN VIERA;;BAHMAN;CRECIMIENTO SORGO.19/08/2025;6;;Sorgo, silagem;Vagão;4.763,00;4.763,00;0;0,00%;VERDE
12/09/2025;13:18:55;RUBEN VIERA;;BAHMAN;CRECIMIENTO SORGO.19/08/2025;6;;MAIZ HUMIDO;Vagão;1.526,00;1.526,00;0;0,00%;VERDE
12/09/2025;13:15:47;RUBEN VIERA;;BAHMAN;CRECIMIENTO SORGO.19/08/2025;6;;Sorgo, grão úmido silagem;Vagão;1.303,00;1.298,00;5;0,39%;VERDE
12/09/2025;11:01:37;RUBEN VIERA;;SILOKING;RECRIA FEMEA 08/08/2025;5;;MAIZ HUMIDO;Vagão;1.112,00;1.037,00;75;7,23%;VERMELHO
12/09/2025;10:53:14;RUBEN VIERA;;SILOKING;RECRIA FEMEA 08/08/2025;5;;CAPIASU;Vagão;2.831,00;2.816,00;15;0,53%;VERDE
12/09/2025;10:33:28;RUBEN VIERA;;SILOKING;PRE-MISTURA PECPHOS;4;;FARELO DE SOJA;Vagão;4.537,00;4.512,00;25;0,55%;VERDE
12/09/2025;10:25:24;RUBEN VIERA;;SILOKING;PRE-MISTURA PECPHOS;4;;CALCAREO;Vagão;426;416;10;2,40%;VERDE
12/09/2025;10:16:59;RUBEN VIERA;;SILOKING;PRE-MISTURA PECPHOS;4;;UREIA PECUARIA;Vagão;588;578;10;1,73%;VERDE
12/09/2025;10:10:19;RUBEN VIERA;;SILOKING;PRE-MISTURA PECPHOS;4;;NUCLEO CONFINAMIENTO;Vagão;499;494;5;1,01%;VERDE
12/09/2025;09:59:32;RUBEN VIERA;;BAHMAN;CRECIMIENTO SORGO.19/08/2025;5;;Sorgo, silagem;Vagão;4.758,00;4.763,00;-5;-0,11%;VERDE
12/09/2025;09:47:55;RUBEN VIERA;;BAHMAN;CRECIMIENTO SORGO.19/08/2025;5;;MAIZ HUMIDO;Vagão;1.526,00;1.526,00;0;0,00%;VERDE
12/09/2025;09:46:17;RUBEN VIERA;;SILOKING;PROTEINADO 03.%PV;3;;Sorgo, moído (nº3);Vagão;2.904,00;2.909,00;-5;-0,17%;VERDE
12/09/2025;09:45:20;RUBEN VIERA;;BAHMAN;CRECIMIENTO SORGO.19/08/2025;5;;Sorgo, grão úmido silagem;Vagão;1.298,00;1.298,00;0;0,00%;VERDE
12/09/2025;09:34:30;RUBEN VIERA;;SILOKING;PROTEINADO 03.%PV;3;;FARELO DE SOJA;Vagão;2.187,00;2.187,00;0;0,00%;VERDE
12/09/2025;09:27:36;RUBEN VIERA;;SILOKING;PROTEINADO 03.%PV;3;;Cloreto de sódio (Sal Comum);Vagão;315;315;0;0,00%;VERDE
12/09/2025;09:23:42;RUBEN VIERA;;SILOKING;PROTEINADO 03.%PV;3;;Fosfato Bicálcico 18;Vagão;148;148;0;0,00%;VERDE
12/09/2025;09:22:14;RUBEN VIERA;;SILOKING;PROTEINADO 03.%PV;3;;NUCLEO PASTO;Vagão;150;145;5;3,45%;AMARELO
12/09/2025;09:19:30;RUBEN VIERA;;SILOKING;PROTEINADO 03.%PV;3;;UREIA PECUARIA;Vagão;301;296;5;1,69%;VERDE
12/09/2025;09:03:52;RUBEN VIERA;;BAHMAN;TERMINACION SORGO-19/08/2025;4;;Sorgo, silagem;Vagão;4.230,00;4.230,00;0;0,00%;VERDE
12/09/2025;08:51:14;RUBEN VIERA;;BAHMAN;TERMINACION SORGO-19/08/2025;4;;MAIZ HUMIDO;Vagão;1.774,00;1.769,00;5;0,28%;VERDE
12/09/2025;08:48:55;RUBEN VIERA;;BAHMAN;TERMINACION SORGO-19/08/2025;4;;Sorgo, grão úmido silagem;Vagão;1.595,00;1.595,00;0;0,00%;VERDE
12/09/2025;08:14:41;RUBEN VIERA;;BAHMAN;CRECIMIENTO SORGO.19/08/2025;3;;MAIZ HUMIDO;Vagão;1.526,00;1.526,00;0;0,00%;VERDE
12/09/2025;08:11:51;RUBEN VIERA;;BAHMAN;CRECIMIENTO SORGO.19/08/2025;3;;Sorgo, grão úmido silagem;Vagão;1.298,00;1.298,00;0;0,00%;VERDE
12/09/2025;08:05:27;RUBEN VIERA;;BAHMAN;CRECIMIENTO SORGO.19/08/2025;3;;Sorgo, silagem;Vagão;4.763,00;4.763,00;0;0,00%;VERDE
12/09/2025;07:58:30;RUBEN VIERA;;SILOKING;RECRIA FEMEA 08/08/2025;2;;CAPIASU;Vagão;4.224,00;4.224,00;0;0,00%;VERDE
12/09/2025;07:46:07;RUBEN VIERA;;SILOKING;RECRIA FEMEA 08/08/2025;2;;MAIZ HUMIDO;Vagão;1.570,00;1.555,00;15;0,97%;VERDE
12/09/2025;07:32:03;RUBEN VIERA;;BAHMAN;CRECIMIENTO SORGO.19/08/2025;2;;Sorgo, silagem;Vagão;4.788,00;4.763,00;25;0,53%;VERDE
12/09/2025;07:20:45;RUBEN VIERA;;BAHMAN;CRECIMIENTO SORGO.19/08/2025;2;;MAIZ HUMIDO;Vagão;1.526,00;1.526,00;0;0,00%;VERDE
12/09/2025;07:18:07;RUBEN VIERA;;BAHMAN;CRECIMIENTO SORGO.19/08/2025;2;;Sorgo, grão úmido silagem;Vagão;1.298,00;1.298,00;0;0,00%;VERDE
12/09/2025;06:30:49;RUBEN VIERA;;SILOKING;RECRIA FEMEA 08/08/2025;1;;CAPIASU;Vagão;4.224,00;4.224,00;0;0,00%;VERDE
12/09/2025;06:25:23;RUBEN VIERA;;BAHMAN;TERMINACION SORGO-19/08/2025;1;;Sorgo, silagem;Vagão;2.597,00;2.582,00;15;0,58%;VERDE
12/09/2025;06:15:34;RUBEN VIERA;;BAHMAN;TERMINACION SORGO-19/08/2025;1;;MAIZ HUMIDO;Vagão;1.105,00;1.080,00;25;2,32%;VERDE
12/09/2025;06:14:11;RUBEN VIERA;;BAHMAN;TERMINACION SORGO-19/08/2025;1;;Sorgo, grão úmido silagem;Vagão;988;973;15;1,54%;VERDE
12/09/2025;06:08:46;RUBEN VIERA;;SILOKING;RECRIA FEMEA 08/08/2025;1;;MAIZ HUMIDO;Vagão;1.555,00;1.555,00;0;0,00%;VERDE
11/09/2025;18:54:00;RUBEN VIERA;;BAHMAN;RECRIA FEMEA 08/08/2025;11;;MAIZ HUMIDO;Vagão;513;513;0;0,00%;VERDE
11/09/2025;18:48:08;RUBEN VIERA;;BAHMAN;RECRIA FEMEA 08/08/2025;11;;CAPIASU;Vagão;1.388,00;1.393,00;-5;-0,36%;VERDE
11/09/2025;16:53:40;RUBEN VIERA;;BAHMAN;CRECIMIENTO SORGO.19/08/2025;10;;Sorgo, silagem;Vagão;4.763,00;4.763,00;0;0,00%;VERDE
11/09/2025;16:42:38;RUBEN VIERA;;BAHMAN;CRECIMIENTO SORGO.19/08/2025;10;;MAIZ HUMIDO;Vagão;1.526,00;1.526,00;0;0,00%;VERDE
11/09/2025;16:39:57;RUBEN VIERA;;BAHMAN;CRECIMIENTO SORGO.19/08/2025;10;;Sorgo, grão úmido silagem;Vagão;1.298,00;1.298,00;0;0,00%;VERDE
11/09/2025;16:29:59;RUBEN VIERA;;SILOKING;RECRIA FEMEA 08/08/2025;5;;MAIZ HUMIDO;Vagão;1.490,00;1.480,00;10;0,68%;VERDE
11/09/2025;16:18:21;RUBEN VIERA;;SILOKING;RECRIA FEMEA 08/08/2025;5;;CAPIASU;Vagão;4.024,00;4.019,00;5;0,12%;VERDE
11/09/2025;15:57:35;RUBEN VIERA;;BAHMAN;TERMINACION SORGO-19/08/2025;9;;Sorgo, silagem;Vagão;4.220,00;4.220,00;0;0,00%;VERDE
11/09/2025;15:44:06;RUBEN VIERA;;BAHMAN;TERMINACION SORGO-19/08/2025;9;;MAIZ HUMIDO;Vagão;1.760,00;1.765,00;-5;-0,28%;VERDE
11/09/2025;15:41:33;RUBEN VIERA;;BAHMAN;TERMINACION SORGO-19/08/2025;9;;Sorgo, grão úmido silagem;Vagão;1.596,00;1.591,00;5;0,31%;VERDE
11/09/2025;15:29:27;RUBEN VIERA;;SILOKING;PRE-MISTURA PECPHOS;4;;FARELO DE SOJA;Vagão;4.502,00;4.512,00;-10;-0,22%;VERDE
11/09/2025;15:21:26;RUBEN VIERA;;SILOKING;PRE-MISTURA PECPHOS;4;;NUCLEO CONFINAMIENTO;Vagão;529;494;35;7,09%;VERMELHO
11/09/2025;15:16:46;RUBEN VIERA;;SILOKING;PRE-MISTURA PECPHOS;4;;UREIA PECUARIA;Vagão;588;578;10;1,73%;VERDE
11/09/2025;15:01:36;RUBEN VIERA;;SILOKING;PRE-MISTURA PECPHOS;4;;CALCAREO;Vagão;421;416;5;1,20%;VERDE
11/09/2025;14:52:31;RUBEN VIERA;;BAHMAN;CRECIMIENTO SORGO.19/08/2025;8;;Sorgo, silagem;Vagão;4.763,00;4.763,00;0;0,00%;VERDE
11/09/2025;14:41:18;RUBEN VIERA;;BAHMAN;CRECIMIENTO SORGO.19/08/2025;8;;MAIZ HUMIDO;Vagão;1.526,00;1.526,00;0;0,00%;VERDE
11/09/2025;14:38:48;RUBEN VIERA;;BAHMAN;CRECIMIENTO SORGO.19/08/2025;8;;Sorgo, grão úmido silagem;Vagão;1.303,00;1.298,00;5;0,39%;VERDE
11/09/2025;14:34:43;RUBEN VIERA;;SILOKING;PRE-MISTURA RECRIA;3;;FARELO DE SOJA;Vagão;4.366,00;4.366,00;0;0,00%;VERDE
11/09/2025;14:26:35;RUBEN VIERA;;SILOKING;PRE-MISTURA RECRIA;3;;NUCLEO CONFINAMIENTO;Vagão;495;495;0;0,00%;VERDE
11/09/2025;14:19:32;RUBEN VIERA;;SILOKING;PRE-MISTURA RECRIA;3;;CALCAREO;Vagão;449;444;5;1,13%;VERDE
11/09/2025;14:09:20;RUBEN VIERA;;BAHMAN;CRECIMIENTO SORGO.19/08/2025;7;;Sorgo, silagem;Vagão;4.763,00;4.763,00;0;0,00%;VERDE
11/09/2025;14:08:52;RUBEN VIERA;;SILOKING;PRE-MISTURA RECRIA;3;;UREIA PECUARIA;Vagão;695;695;0;0,00%;VERDE
11/09/2025;13:58:51;RUBEN VIERA;;BAHMAN;CRECIMIENTO SORGO.19/08/2025;7;;MAIZ HUMIDO;Vagão;1.526,00;1.526,00;0;0,00%;VERDE
11/09/2025;13:56:26;RUBEN VIERA;;BAHMAN;CRECIMIENTO SORGO.19/08/2025;7;;Sorgo, grão úmido silagem;Vagão;1.308,00;1.298,00;10;0,77%;VERDE
11/09/2025;13:32:16;RUBEN VIERA;;BAHMAN;TERMINACION SORGO-19/08/2025;6;;Sorgo, silagem;Vagão;2.274,00;2.274,00;0;0,00%;VERDE
11/09/2025;13:23:06;RUBEN VIERA;;BAHMAN;TERMINACION SORGO-19/08/2025;6;;MAIZ HUMIDO;Vagão;951;951;0;0,00%;VERDE
11/09/2025;13:20:51;RUBEN VIERA;;BAHMAN;TERMINACION SORGO-19/08/2025;6;;Sorgo, grão úmido silagem;Vagão;852;857;-5;-0,58%;VERDE
11/09/2025;09:59:09;RUBEN VIERA;;BAHMAN;CRECIMIENTO SORGO.19/08/2025;5;;Sorgo, silagem;Vagão;4.763,00;4.763,00;0;0,00%;VERDE
11/09/2025;09:35:26;RUBEN VIERA;;BAHMAN;CRECIMIENTO SORGO.19/08/2025;5;;MAIZ HUMIDO;Vagão;1.521,00;1.526,00;-5;-0,33%;VERDE
11/09/2025;09:32:14;RUBEN VIERA;;BAHMAN;CRECIMIENTO SORGO.19/08/2025;5;;Sorgo, grão úmido silagem;Vagão;1.298,00;1.298,00;0;0,00%;VERDE
11/09/2025;09:01:56;RUBEN VIERA;;BAHMAN;CRECIMIENTO SORGO.19/08/2025;4;;Sorgo, silagem;Vagão;4.763,00;4.763,00;0;0,00%;VERDE
11/09/2025;08:51:49;RUBEN VIERA;;BAHMAN;CRECIMIENTO SORGO.19/08/2025;4;;MAIZ HUMIDO;Vagão;1.521,00;1.526,00;-5;-0,33%;VERDE
11/09/2025;08:49:27;RUBEN VIERA;;BAHMAN;CRECIMIENTO SORGO.19/08/2025;4;;Sorgo, grão úmido silagem;Vagão;1.298,00;1.298,00;0;0,00%;VERDE
11/09/2025;08:11:54;RUBEN VIERA;;BAHMAN;TERMINACION SORGO-19/08/2025;3;;Sorgo, silagem;Vagão;2.641,00;2.641,00;0;0,00%;VERDE
11/09/2025;08:02:05;RUBEN VIERA;;BAHMAN;TERMINACION SORGO-19/08/2025;3;;MAIZ HUMIDO;Vagão;1.100,00;1.105,00;-5;-0,45%;VERDE
11/09/2025;08:00:15;RUBEN VIERA;;BAHMAN;TERMINACION SORGO-19/08/2025;3;;Sorgo, grão úmido silagem;Vagão;996;996;0;0,00%;VERDE
11/09/2025;07:48:20;RUBEN VIERA;;SILOKING;RECRIA FEMEA 08/08/2025;2;;CAPIASU;Vagão;3.731,00;3.731,00;0;0,00%;VERDE
11/09/2025;07:36:11;RUBEN VIERA;;SILOKING;RECRIA FEMEA 08/08/2025;2;;MAIZ HUMIDO;Vagão;1.374,00;1.374,00;0;0,00%;VERDE
11/09/2025;07:26:39;RUBEN VIERA;;BAHMAN;CRECIMIENTO SORGO.19/08/2025;2;;Sorgo, silagem;Vagão;4.763,00;4.763,00;0;0,00%;VERDE
11/09/2025;07:14:55;RUBEN VIERA;;BAHMAN;CRECIMIENTO SORGO.19/08/2025;2;;MAIZ HUMIDO;Vagão;1.531,00;1.526,00;5;0,33%;VERDE
11/09/2025;07:12:24;RUBEN VIERA;;BAHMAN;CRECIMIENTO SORGO.19/08/2025;2;;Sorgo, grão úmido silagem;Vagão;1.298,00;1.298,00;0;0,00%;VERDE
11/09/2025;06:25:16;RUBEN VIERA;;SILOKING;RECRIA FEMEA 08/08/2025;1;;CAPIASU;Vagão;3.731,00;3.731,00;0;0,00%;VERDE
11/09/2025;06:21:50;RUBEN VIERA;;BAHMAN;TERMINACION SORGO-19/08/2025;1;;Sorgo, silagem;Vagão;2.058,00;2.043,00;15;0,73%;VERDE
11/09/2025;06:05:59;RUBEN VIERA;;SILOKING;RECRIA FEMEA 08/08/2025;1;;MAIZ HUMIDO;Vagão;1.369,00;1.374,00;-5;-0,36%;VERDE
11/09/2025;06:04:02;RUBEN VIERA;;BAHMAN;TERMINACION SORGO-19/08/2025;1;;MAIZ HUMIDO;Vagão;855;855;0;0,00%;VERDE
11/09/2025;06:01:53;RUBEN VIERA;;BAHMAN;TERMINACION SORGO-19/08/2025;1;;Sorgo, grão úmido silagem;Vagão;765;770;-5;-0,65%;VERDE
10/09/2025;17:27:10;RUBEN VIERA;;BAHMAN;CRECIMIENTO SORGO.19/08/2025;11;;Sorgo, silagem;Vagão;903;903;0;0,00%;VERDE
10/09/2025;17:19:15;RUBEN VIERA;;BAHMAN;CRECIMIENTO SORGO.19/08/2025;11;;MAIZ HUMIDO;Vagão;289;289;0;0,00%;VERDE
10/09/2025;17:17:29;RUBEN VIERA;;BAHMAN;CRECIMIENTO SORGO.19/08/2025;11;;Sorgo, grão úmido silagem;Vagão;261;246;15;6,10%;VERMELHO
10/09/2025;16:37:38;RUBEN VIERA;;BAHMAN;TERMINACION SORGO-19/08/2025;10;;Sorgo, silagem;Vagão;4.116,00;4.116,00;0;0,00%;VERDE
10/09/2025;16:25:21;RUBEN VIERA;;BAHMAN;TERMINACION SORGO-19/08/2025;10;;MAIZ HUMIDO;Vagão;1.717,00;1.722,00;-5;-0,29%;VERDE
10/09/2025;16:23:18;RUBEN VIERA;;SILOKING;RECRIA FEMEA 08/08/2025;5;;MAIZ HUMIDO;Vagão;1.398,00;1.398,00;0;0,00%;VERDE
10/09/2025;16:21:03;RUBEN VIERA;;BAHMAN;TERMINACION SORGO-19/08/2025;10;;Sorgo, grão úmido silagem;Vagão;1.567,00;1.552,00;15;0,97%;VERDE
10/09/2025;16:06:46;RUBEN VIERA;;SILOKING;RECRIA FEMEA 08/08/2025;5;;CAPIASU;Vagão;3.801,00;3.796,00;5;0,13%;VERDE
10/09/2025;15:47:03;RUBEN VIERA;;BAHMAN;CRECIMIENTO SORGO.19/08/2025;9;;Sorgo, silagem;Vagão;4.763,00;4.763,00;0;0,00%;VERDE
10/09/2025;15:36:40;RUBEN VIERA;;BAHMAN;CRECIMIENTO SORGO.19/08/2025;9;;MAIZ HUMIDO;Vagão;1.536,00;1.526,00;10;0,66%;VERDE
10/09/2025;15:34:22;RUBEN VIERA;;BAHMAN;CRECIMIENTO SORGO.19/08/2025;9;;Sorgo, grão úmido silagem;Vagão;1.298,00;1.298,00;0;0,00%;VERDE
10/09/2025;15:31:20;RUBEN VIERA;;SILOKING;PROTEINADO 03.%PV;4;;Sorgo, moído (nº3);Vagão;2.914,00;2.909,00;5;0,17%;VERDE
10/09/2025;15:19:44;RUBEN VIERA;;SILOKING;PROTEINADO 03.%PV;4;;FARELO DE SOJA;Vagão;2.182,00;2.187,00;-5;-0,23%;VERDE
10/09/2025;15:12:02;RUBEN VIERA;;SILOKING;PROTEINADO 03.%PV;4;;UREIA PECUARIA;Vagão;296;296;0;0,00%;VERDE
10/09/2025;15:04:31;RUBEN VIERA;;SILOKING;PROTEINADO 03.%PV;4;;Cloreto de sódio (Sal Comum);Vagão;315;315;0;0,00%;VERDE
10/09/2025;15:00:29;RUBEN VIERA;;SILOKING;PROTEINADO 03.%PV;4;;Fosfato Bicálcico 18;Vagão;148;148;0;0,00%;VERDE
10/09/2025;14:56:20;RUBEN VIERA;;SILOKING;PROTEINADO 03.%PV;4;;NUCLEO PASTO;Vagão;150;145;5;3,45%;AMARELO
10/09/2025;14:46:26;RUBEN VIERA;;BAHMAN;CRECIMIENTO SORGO.19/08/2025;8;;Sorgo, silagem;Vagão;4.763,00;4.763,00;0;0,00%;VERDE
10/09/2025;14:34:06;RUBEN VIERA;;BAHMAN;CRECIMIENTO SORGO.19/08/2025;8;;MAIZ HUMIDO;Vagão;1.526,00;1.526,00;0;0,00%;VERDE
10/09/2025;14:31:39;RUBEN VIERA;;BAHMAN;CRECIMIENTO SORGO.19/08/2025;8;;Sorgo, grão úmido silagem;Vagão;1.298,00;1.298,00;0;0,00%;VERDE
10/09/2025;14:05:12;RUBEN VIERA;;BAHMAN;CRECIMIENTO SORGO.19/08/2025;7;;Sorgo, silagem;Vagão;4.758,00;4.763,00;-5;-0,11%;VERDE
10/09/2025;13:52:26;RUBEN VIERA;;BAHMAN;CRECIMIENTO SORGO.19/08/2025;7;;MAIZ HUMIDO;Vagão;1.526,00;1.526,00;0;0,00%;VERDE
10/09/2025;13:50:04;RUBEN VIERA;;BAHMAN;CRECIMIENTO SORGO.19/08/2025;7;;Sorgo, grão úmido silagem;Vagão;1.298,00;1.298,00;0;0,00%;VERDE
10/09/2025;13:46:27;RUBEN VIERA;;SILOKING;PROTEINADO 03.%PV;3;;Sorgo, moído (nº3);Vagão;2.909,00;2.909,00;0;0,00%;VERDE
10/09/2025;13:33:44;RUBEN VIERA;;SILOKING;PROTEINADO 03.%PV;3;;UREIA PECUARIA;Vagão;301;296;5;1,69%;VERDE
10/09/2025;13:29:27;RUBEN VIERA;;SILOKING;PROTEINADO 03.%PV;3;;FARELO DE SOJA;Vagão;2.187,00;2.187,00;0;0,00%;VERDE
10/09/2025;13:24:32;RUBEN VIERA;;SILOKING;PROTEINADO 03.%PV;3;;Cloreto de sódio (Sal Comum);Vagão;315;315;0;0,00%;VERDE
10/09/2025;13:18:29;RUBEN VIERA;;SILOKING;PROTEINADO 03.%PV;3;;Fosfato Bicálcico 18;Vagão;143;148;-5;-3,38%;AMARELO
10/09/2025;13:17:06;RUBEN VIERA;;SILOKING;PROTEINADO 03.%PV;3;;NUCLEO PASTO;Vagão;145;145;0;0,00%;VERDE
10/09/2025;10:56:55;RUBEN VIERA;;BAHMAN;TERMINACION SORGO-19/08/2025;6;;Sorgo, silagem;Vagão;4.230,00;4.230,00;0;0,00%;VERDE
10/09/2025;10:45:01;RUBEN VIERA;;BAHMAN;TERMINACION SORGO-19/08/2025;6;;MAIZ HUMIDO;Vagão;1.769,00;1.769,00;0;0,00%;VERDE
10/09/2025;10:42:03;RUBEN VIERA;;BAHMAN;TERMINACION SORGO-19/08/2025;6;;Sorgo, grão úmido silagem;Vagão;1.595,00;1.595,00;0;0,00%;VERDE
10/09/2025;10:02:27;RUBEN VIERA;;BAHMAN;CRECIMIENTO SORGO.19/08/2025;5;;Sorgo, silagem;Vagão;4.763,00;4.763,00;0;0,00%;VERDE
10/09/2025;09:49:15;RUBEN VIERA;;BAHMAN;CRECIMIENTO SORGO.19/08/2025;5;;MAIZ HUMIDO;Vagão;1.531,00;1.526,00;5;0,33%;VERDE
10/09/2025;09:46:16;RUBEN VIERA;;BAHMAN;CRECIMIENTO SORGO.19/08/2025;5;;Sorgo, grão úmido silagem;Vagão;1.303,00;1.298,00;5;0,39%;VERDE
10/09/2025;09:13:32;FERNANDO;;SILOKING;RECRIA FEMEA 08/08/2025;2;;CAPIASU;Vagão;2.877,00;2.872,00;5;0,17%;VERDE
10/09/2025;09:09:40;RUBEN VIERA;;BAHMAN;TERMINACION SORGO-19/08/2025;4;;Sorgo, silagem;Vagão;4.230,00;4.230,00;0;0,00%;VERDE
10/09/2025;08:55:59;RUBEN VIERA;;BAHMAN;TERMINACION SORGO-19/08/2025;4;;MAIZ HUMIDO;Vagão;1.764,00;1.769,00;-5;-0,28%;VERDE
10/09/2025;08:53:07;FERNANDO;;SILOKING;RECRIA FEMEA 08/08/2025;2;;MAIZ HUMIDO;Vagão;1.057,00;1.057,00;0;0,00%;VERDE
10/09/2025;08:51:13;RUBEN VIERA;;BAHMAN;TERMINACION SORGO-19/08/2025;4;;Sorgo, grão úmido silagem;Vagão;1.600,00;1.595,00;5;0,31%;VERDE
10/09/2025;08:17:14;RUBEN VIERA;;BAHMAN;CRECIMIENTO SORGO.19/08/2025;3;;Sorgo, silagem;Vagão;4.768,00;4.763,00;5;0,11%;VERDE
10/09/2025;08:06:13;RUBEN VIERA;;BAHMAN;CRECIMIENTO SORGO.19/08/2025;3;;MAIZ HUMIDO;Vagão;1.526,00;1.526,00;0;0,00%;VERDE
10/09/2025;08:03:12;RUBEN VIERA;;BAHMAN;CRECIMIENTO SORGO.19/08/2025;3;;Sorgo, grão úmido silagem;Vagão;1.298,00;1.298,00;0;0,00%;VERDE
10/09/2025;07:24:37;RUBEN VIERA;;BAHMAN;CRECIMIENTO SORGO.19/08/2025;2;;Sorgo, silagem;Vagão;4.763,00;4.763,00;0;0,00%;VERDE
10/09/2025;07:12:04;RUBEN VIERA;;BAHMAN;CRECIMIENTO SORGO.19/08/2025;2;;MAIZ HUMIDO;Vagão;1.526,00;1.526,00;0;0,00%;VERDE
10/09/2025;07:09:24;RUBEN VIERA;;BAHMAN;CRECIMIENTO SORGO.19/08/2025;2;;Sorgo, grão úmido silagem;Vagão;1.298,00;1.298,00;0;0,00%;VERDE
10/09/2025;06:28:45;FERNANDO;;SILOKING;RECRIA FEMEA 08/08/2025;1;;CAPIASU;Vagão;4.224,00;4.224,00;0;0,00%;VERDE
10/09/2025;06:22:38;RUBEN VIERA;;BAHMAN;TERMINACION SORGO-19/08/2025;1;;Sorgo, silagem;Vagão;3.410,00;3.410,00;0;0,00%;VERDE
10/09/2025;06:10:30;RUBEN VIERA;;BAHMAN;TERMINACION SORGO-19/08/2025;1;;MAIZ HUMIDO;Vagão;1.426,00;1.426,00;0;0,00%;VERDE
10/09/2025;06:08:10;FERNANDO;;SILOKING;RECRIA FEMEA 08/08/2025;1;;MAIZ HUMIDO;Vagão;1.550,00;1.555,00;-5;-0,32%;VERDE
10/09/2025;06:04:39;RUBEN VIERA;;BAHMAN;TERMINACION SORGO-19/08/2025;1;;Sorgo, grão úmido silagem;Vagão;1.296,00;1.286,00;10;0,78%;VERDE
09/09/2025;18:04:30;RUBEN VIERA;;SILOKING;RECRIA FEMEA 08/08/2025;10;;CAPIASU;Vagão;405;400;5;1,25%;VERDE
09/09/2025;18:02:11;RUBEN VIERA;;BAHMAN;CRECIMIENTO SORGO.19/08/2025;9;;Sorgo, silagem;Vagão;3.546,00;3.546,00;0;0,00%;VERDE
09/09/2025;17:52:15;RUBEN VIERA;;BAHMAN;CRECIMIENTO SORGO.19/08/2025;9;;MAIZ HUMIDO;Vagão;1.136,00;1.136,00;0;0,00%;VERDE
09/09/2025;17:51:13;RUBEN VIERA;;SILOKING;RECRIA FEMEA 08/08/2025;10;;MAIZ HUMIDO;Vagão;147;147;0;0,00%;VERDE
09/09/2025;17:49:30;RUBEN VIERA;;BAHMAN;CRECIMIENTO SORGO.19/08/2025;9;;Sorgo, grão úmido silagem;Vagão;966;966;0;0,00%;VERDE
09/09/2025;17:16:26;RUBEN VIERA;;BAHMAN;CRECIMIENTO SORGO.19/08/2025;8;;Sorgo, silagem;Vagão;4.763,00;4.763,00;0;0,00%;VERDE
09/09/2025;17:06:05;RUBEN VIERA;;BAHMAN;CRECIMIENTO SORGO.19/08/2025;8;;MAIZ HUMIDO;Vagão;1.526,00;1.526,00;0;0,00%;VERDE
09/09/2025;17:03:20;RUBEN VIERA;;BAHMAN;CRECIMIENTO SORGO.19/08/2025;8;;Sorgo, grão úmido silagem;Vagão;1.298,00;1.298,00;0;0,00%;VERDE
09/09/2025;17:00:59;RUBEN VIERA;;SILOKING;RECRIA FEMEA 08/08/2025;9;;MAIZ HUMIDO;Vagão;1.555,00;1.555,00;0;0,00%;VERDE
09/09/2025;16:51:50;RUBEN VIERA;;SILOKING;RECRIA FEMEA 08/08/2025;9;;CAPIASU;Vagão;4.224,00;4.224,00;0;0,00%;VERDE
09/09/2025;16:40:58;RUBEN VIERA;;BAHMAN;TERMINACION SORGO-19/08/2025;7;;Sorgo, silagem;Vagão;2.815,00;2.815,00;0;0,00%;VERDE
09/09/2025;16:30:52;RUBEN VIERA;;BAHMAN;TERMINACION SORGO-19/08/2025;7;;MAIZ HUMIDO;Vagão;1.173,00;1.178,00;-5;-0,42%;VERDE
09/09/2025;16:27:13;RUBEN VIERA;;BAHMAN;TERMINACION SORGO-19/08/2025;7;;Sorgo, grão úmido silagem;Vagão;1.061,00;1.061,00;0;0,00%;VERDE
09/09/2025;16:23:52;RUBEN VIERA;;SILOKING;PRE-MISTURA PECPHOS;8;;FARELO DE SOJA;Vagão;4.512,00;4.512,00;0;0,00%;VERDE
09/09/2025;16:14:44;RUBEN VIERA;;SILOKING;PRE-MISTURA PECPHOS;8;;UREIA PECUARIA;Vagão;578;578;0;0,00%;VERDE
09/09/2025;15:46:16;RUBEN VIERA;;BAHMAN;TERMINACION SORGO-19/08/2025;6;;Sorgo, silagem;Vagão;4.305,00;4.230,00;75;1,77%;VERDE
09/09/2025;15:35:04;RUBEN VIERA;;BAHMAN;TERMINACION SORGO-19/08/2025;6;;MAIZ HUMIDO;Vagão;1.769,00;1.769,00;0;0,00%;VERDE
09/09/2025;15:31:52;RUBEN VIERA;;BAHMAN;TERMINACION SORGO-19/08/2025;6;;Sorgo, grão úmido silagem;Vagão;1.595,00;1.595,00;0;0,00%;VERDE
09/09/2025;15:27:36;RUBEN VIERA;;SILOKING;PRE-MISTURA PECPHOS;8;;NUCLEO CONFINAMIENTO;Vagão;494;494;0;0,00%;VERDE
09/09/2025;15:17:49;RUBEN VIERA;;SILOKING;PRE-MISTURA PECPHOS;8;;CALCAREO;Vagão;416;416;0;0,00%;VERDE
09/09/2025;14:55:17;RUBEN VIERA;;SILOKING;PROTEINADO 03.%PV;7;;Sorgo, moído (nº3);Vagão;2.914,00;2.909,00;5;0,17%;VERDE
09/09/2025;14:46:47;RUBEN VIERA;;BAHMAN;CRECIMIENTO SORGO.19/08/2025;5;;Sorgo, silagem;Vagão;4.763,00;4.763,00;0;0,00%;VERDE
09/09/2025;14:33:50;RUBEN VIERA;;BAHMAN;CRECIMIENTO SORGO.19/08/2025;5;;MAIZ HUMIDO;Vagão;1.521,00;1.526,00;-5;-0,33%;VERDE
09/09/2025;14:30:58;RUBEN VIERA;;BAHMAN;CRECIMIENTO SORGO.19/08/2025;5;;Sorgo, grão úmido silagem;Vagão;1.298,00;1.298,00;0;0,00%;VERDE
09/09/2025;14:22:20;RUBEN VIERA;;SILOKING;PROTEINADO 03.%PV;7;;FARELO DE SOJA;Vagão;2.187,00;2.187,00;0;0,00%;VERDE
09/09/2025;14:15:57;RUBEN VIERA;;SILOKING;PROTEINADO 03.%PV;7;;UREIA PECUARIA;Vagão;316;296;20;6,76%;VERMELHO
09/09/2025;14:10:16;RUBEN VIERA;;SILOKING;PROTEINADO 03.%PV;7;;Cloreto de sódio (Sal Comum);Vagão;315;315;0;0,00%;VERDE
09/09/2025;14:01:31;RUBEN VIERA;;SILOKING;PROTEINADO 03.%PV;7;;Fosfato Bicálcico 18;Vagão;148;148;0;0,00%;VERDE
09/09/2025;13:59:35;RUBEN VIERA;;SILOKING;PROTEINADO 03.%PV;7;;NUCLEO PASTO;Vagão;140;145;-5;-3,45%;AMARELO
09/09/2025;13:58:25;RUBEN VIERA;;BAHMAN;CRECIMIENTO SORGO.19/08/2025;4;;Sorgo, silagem;Vagão;4.768,00;4.763,00;5;0,11%;VERDE
09/09/2025;13:46:09;RUBEN VIERA;;BAHMAN;CRECIMIENTO SORGO.19/08/2025;4;;MAIZ HUMIDO;Vagão;1.526,00;1.526,00;0;0,00%;VERDE
09/09/2025;13:42:59;RUBEN VIERA;;BAHMAN;CRECIMIENTO SORGO.19/08/2025;4;;Sorgo, grão úmido silagem;Vagão;1.298,00;1.298,00;0;0,00%;VERDE
09/09/2025;11:27:45;RUBEN VIERA;;SILOKING;RECRIA FEMEA 08/08/2025;6;;CAPIASU;Vagão;4.219,00;4.224,00;-5;-0,12%;VERDE
09/09/2025;11:23:10;RUBEN VIERA;;BAHMAN;TERMINACION SORGO-19/08/2025;3;;Sorgo, silagem;Vagão;4.230,00;4.230,00;0;0,00%;VERDE
09/09/2025;11:09:56;RUBEN VIERA;;SILOKING;RECRIA FEMEA 08/08/2025;6;;MAIZ HUMIDO;Vagão;1.555,00;1.555,00;0;0,00%;VERDE
09/09/2025;11:05:43;RUBEN VIERA;;BAHMAN;TERMINACION SORGO-19/08/2025;3;;MAIZ HUMIDO;Vagão;1.769,00;1.769,00;0;0,00%;VERDE
09/09/2025;11:02:40;RUBEN VIERA;;BAHMAN;TERMINACION SORGO-19/08/2025;3;;Sorgo, grão úmido silagem;Vagão;1.610,00;1.595,00;15;0,94%;VERDE
09/09/2025;10:42:21;RUBEN VIERA;;SILOKING;CRECIMIENTO SORGO.19/08/2025;5;;Sorgo, silagem;Vagão;3.572,00;3.572,00;0;0,00%;VERDE
09/09/2025;10:32:19;RUBEN VIERA;;SILOKING;CRECIMIENTO SORGO.19/08/2025;5;;MAIZ HUMIDO;Vagão;1.145,00;1.145,00;0;0,00%;VERDE
09/09/2025;10:30:40;RUBEN VIERA;;SILOKING;CRECIMIENTO SORGO.19/08/2025;5;;Sorgo, grão úmido silagem;Vagão;964;974;-10;-1,03%;VERDE
09/09/2025;10:04:42;RUBEN VIERA;;SILOKING;CRECIMIENTO SORGO.19/08/2025;4;;Sorgo, silagem;Vagão;3.572,00;3.572,00;0;0,00%;VERDE
09/09/2025;09:54:37;RUBEN VIERA;;SILOKING;CRECIMIENTO SORGO.19/08/2025;4;;MAIZ HUMIDO;Vagão;1.150,00;1.145,00;5;0,44%;VERDE
09/09/2025;09:52:08;RUBEN VIERA;;SILOKING;CRECIMIENTO SORGO.19/08/2025;4;;Sorgo, grão úmido silagem;Vagão;974;974;0;0,00%;VERDE
09/09/2025;09:25:36;RUBEN VIERA;;SILOKING;TERMINACION SORGO-19/08/2025;3;;Sorgo, silagem;Vagão;2.748,00;2.738,00;10;0,37%;VERDE
09/09/2025;09:15:25;RUBEN VIERA;;SILOKING;TERMINACION SORGO-19/08/2025;3;;MAIZ HUMIDO;Vagão;1.150,00;1.145,00;5;0,44%;VERDE
09/09/2025;09:13:29;RUBEN VIERA;;SILOKING;TERMINACION SORGO-19/08/2025;3;;Sorgo, grão úmido silagem;Vagão;1.032,00;1.032,00;0;0,00%;VERDE
09/09/2025;08:38:32;RUBEN VIERA;;SILOKING;TERMINACION SORGO-19/08/2025;2;;Sorgo, silagem;Vagão;3.173,00;3.173,00;0;0,00%;VERDE
09/09/2025;08:29:03;RUBEN VIERA;;SILOKING;TERMINACION SORGO-19/08/2025;2;;MAIZ HUMIDO;Vagão;1.327,00;1.327,00;0;0,00%;VERDE
09/09/2025;08:26:29;RUBEN VIERA;;SILOKING;TERMINACION SORGO-19/08/2025;2;;Sorgo, grão úmido silagem;Vagão;1.196,00;1.196,00;0;0,00%;VERDE
09/09/2025;07:32:20;RUBEN VIERA;;BAHMAN;CRECIMIENTO SORGO.19/08/2025;2;;Sorgo, silagem;Vagão;4.763,00;4.763,00;0;0,00%;VERDE
09/09/2025;07:17:50;RUBEN VIERA;;BAHMAN;CRECIMIENTO SORGO.19/08/2025;2;;MAIZ HUMIDO;Vagão;1.526,00;1.526,00;0;0,00%;VERDE
09/09/2025;07:14:50;RUBEN VIERA;;BAHMAN;CRECIMIENTO SORGO.19/08/2025;2;;Sorgo, grão úmido silagem;Vagão;1.298,00;1.298,00;0;0,00%;VERDE
09/09/2025;06:34:01;RUBEN VIERA;;SILOKING;RECRIA FEMEA 08/08/2025;1;;CAPIASU;Vagão;3.809,00;3.809,00;0;0,00%;VERDE
09/09/2025;06:29:18;RUBEN VIERA;;BAHMAN;TERMINACION SORGO-19/08/2025;1;;Sorgo, silagem;Vagão;4.230,00;4.230,00;0;0,00%;VERDE
09/09/2025;06:16:15;RUBEN VIERA;;BAHMAN;TERMINACION SORGO-19/08/2025;1;;MAIZ HUMIDO;Vagão;1.769,00;1.769,00;0;0,00%;VERDE
09/09/2025;06:13:21;RUBEN VIERA;;SILOKING;RECRIA FEMEA 08/08/2025;1;;MAIZ HUMIDO;Vagão;1.397,00;1.402,00;-5;-0,36%;VERDE
09/09/2025;06:09:38;RUBEN VIERA;;BAHMAN;TERMINACION SORGO-19/08/2025;1;;Sorgo, grão úmido silagem;Vagão;1.595,00;1.595,00;0;0,00%;VERDE
08/09/2025;18:06:05;RUBEN VIERA;;BAHMAN;TERMINACION SORGO-19/08/2025;13;;Sorgo, silagem;Vagão;405;405;0;0,00%;VERDE
08/09/2025;17:57:41;RUBEN VIERA;;BAHMAN;TERMINACION SORGO-19/08/2025;13;;MAIZ HUMIDO;Vagão;200;200;0;0,00%;VERDE
08/09/2025;17:56:07;RUBEN VIERA;;BAHMAN;TERMINACION SORGO-19/08/2025;13;;Sorgo, grão úmido silagem;Vagão;185;190;-5;-2,63%;VERDE
08/09/2025;17:19:35;RUBEN VIERA;;BAHMAN;TERMINACION SORGO-19/08/2025;12;;Sorgo, silagem;Vagão;3.854,00;3.854,00;0;0,00%;VERDE
08/09/2025;17:08:13;RUBEN VIERA;;BAHMAN;TERMINACION SORGO-19/08/2025;12;;MAIZ HUMIDO;Vagão;1.905,00;1.905,00;0;0,00%;VERDE
08/09/2025;17:05:36;RUBEN VIERA;;BAHMAN;TERMINACION SORGO-19/08/2025;12;;Sorgo, grão úmido silagem;Vagão;1.804,00;1.804,00;0;0,00%;VERDE
08/09/2025;16:44:53;RUBEN VIERA;;BAHMAN;CRECIMIENTO SORGO.19/08/2025;11;;Sorgo, silagem;Vagão;3.519,00;3.519,00;0;0,00%;VERDE
08/09/2025;16:34:25;RUBEN VIERA;;BAHMAN;CRECIMIENTO SORGO.19/08/2025;11;;MAIZ HUMIDO;Vagão;1.333,00;1.333,00;0;0,00%;VERDE
08/09/2025;16:31:34;RUBEN VIERA;;BAHMAN;CRECIMIENTO SORGO.19/08/2025;11;;Sorgo, grão úmido silagem;Vagão;1.191,00;1.191,00;0;0,00%;VERDE
08/09/2025;16:04:39;RUBEN VIERA;;BAHMAN;CRECIMIENTO SORGO.19/08/2025;10;;Sorgo, silagem;Vagão;4.397,00;4.397,00;0;0,00%;VERDE
08/09/2025;15:52:11;RUBEN VIERA;;BAHMAN;CRECIMIENTO SORGO.19/08/2025;10;;MAIZ HUMIDO;Vagão;1.665,00;1.665,00;0;0,00%;VERDE
08/09/2025;15:49:25;RUBEN VIERA;;BAHMAN;CRECIMIENTO SORGO.19/08/2025;10;;Sorgo, grão úmido silagem;Vagão;1.483,00;1.488,00;-5;-0,34%;VERDE
08/09/2025;15:45:47;RUBEN VIERA;;SILOKING;RECRIA FEMEA 08/08/2025;5;;MAIZ HUMIDO;Vagão;1.056,00;1.061,00;-5;-0,47%;VERDE
08/09/2025;15:37:27;RUBEN VIERA;;SILOKING;RECRIA FEMEA 08/08/2025;5;;CAPIASU;Vagão;3.002,00;3.007,00;-5;-0,17%;VERDE
08/09/2025;15:15:47;RUBEN VIERA;;BAHMAN;TERMINACION SORGO-19/08/2025;9;;Sorgo, silagem;Vagão;3.854,00;3.854,00;0;0,00%;VERDE
08/09/2025;15:04:44;RUBEN VIERA;;BAHMAN;TERMINACION SORGO-19/08/2025;9;;MAIZ HUMIDO;Vagão;1.905,00;1.905,00;0;0,00%;VERDE
08/09/2025;15:01:56;RUBEN VIERA;;BAHMAN;TERMINACION SORGO-19/08/2025;9;;Sorgo, grão úmido silagem;Vagão;1.834,00;1.804,00;30;1,66%;VERDE
08/09/2025;14:58:42;RUBEN VIERA;;SILOKING;PRE-MISTURA PECPHOS;4;;FARELO DE SOJA;Vagão;4.517,00;4.512,00;5;0,11%;VERDE
08/09/2025;14:49:56;RUBEN VIERA;;SILOKING;PRE-MISTURA PECPHOS;4;;NUCLEO CONFINAMIENTO;Vagão;504;494;10;2,02%;VERDE
08/09/2025;14:45:01;RUBEN VIERA;;SILOKING;PRE-MISTURA PECPHOS;4;;UREIA PECUARIA;Vagão;583;578;5;0,87%;VERDE
08/09/2025;14:31:47;RUBEN VIERA;;BAHMAN;CRECIMIENTO SORGO.19/08/2025;8;;Sorgo, silagem;Vagão;4.387,00;4.397,00;-10;-0,23%;VERDE
08/09/2025;14:21:52;RUBEN VIERA;;BAHMAN;CRECIMIENTO SORGO.19/08/2025;8;;MAIZ HUMIDO;Vagão;1.665,00;1.665,00;0;0,00%;VERDE
08/09/2025;14:19:23;RUBEN VIERA;;BAHMAN;CRECIMIENTO SORGO.19/08/2025;8;;Sorgo, grão úmido silagem;Vagão;1.483,00;1.488,00;-5;-0,34%;VERDE
08/09/2025;14:19:19;RUBEN VIERA;;SILOKING;PRE-MISTURA PECPHOS;4;;CALCAREO;Vagão;416;416;0;0,00%;VERDE
08/09/2025;13:51:13;RUBEN VIERA;;BAHMAN;TERMINACION SORGO-19/08/2025;7;;Sorgo, silagem;Vagão;3.889,00;3.854,00;35;0,91%;VERDE
08/09/2025;13:40:07;RUBEN VIERA;;BAHMAN;TERMINACION SORGO-19/08/2025;7;;MAIZ HUMIDO;Vagão;1.905,00;1.905,00;0;0,00%;VERDE
08/09/2025;13:37:37;RUBEN VIERA;;BAHMAN;TERMINACION SORGO-19/08/2025;7;;Sorgo, grão úmido silagem;Vagão;1.804,00;1.804,00;0;0,00%;VERDE
08/09/2025;10:27:01;RUBEN VIERA;;BAHMAN;CRECIMIENTO SORGO.19/08/2025;6;;Sorgo, silagem;Vagão;4.402,00;4.397,00;5;0,11%;VERDE
08/09/2025;10:16:22;RUBEN VIERA;;BAHMAN;CRECIMIENTO SORGO.19/08/2025;6;;MAIZ HUMIDO;Vagão;1.660,00;1.665,00;-5;-0,30%;VERDE
08/09/2025;10:13:36;RUBEN VIERA;;BAHMAN;CRECIMIENTO SORGO.19/08/2025;6;;Sorgo, grão úmido silagem;Vagão;1.493,00;1.488,00;5;0,34%;VERDE
08/09/2025;10:10:56;RUBEN VIERA;;SILOKING;RECRIA FEMEA 08/08/2025;3;;MAIZ HUMIDO;Vagão;1.276,00;1.286,00;-10;-0,78%;VERDE
08/09/2025;10:03:23;RUBEN VIERA;;SILOKING;RECRIA FEMEA 08/08/2025;3;;CAPIASU;Vagão;3.645,00;3.645,00;0;0,00%;VERDE
08/09/2025;09:58:55;RUBEN VIERA;;BAHMAN;TERMINACION SORGO-19/08/2025;5;;Sorgo, silagem;Vagão;1.449,00;1.449,00;0;0,00%;VERDE
08/09/2025;09:45:00;RUBEN VIERA;;BAHMAN;TERMINACION SORGO-19/08/2025;5;;MAIZ HUMIDO;Vagão;717;717;0;0,00%;VERDE
08/09/2025;09:42:55;RUBEN VIERA;;BAHMAN;TERMINACION SORGO-19/08/2025;5;;Sorgo, grão úmido silagem;Vagão;694;679;15;2,21%;VERDE
08/09/2025;09:10:43;RUBEN VIERA;;BAHMAN;TERMINACION SORGO-19/08/2025;4;;Sorgo, silagem;Vagão;3.854,00;3.854,00;0;0,00%;VERDE
08/09/2025;08:59:54;RUBEN VIERA;;BAHMAN;TERMINACION SORGO-19/08/2025;4;;MAIZ HUMIDO;Vagão;1.900,00;1.905,00;-5;-0,26%;VERDE
08/09/2025;08:56:28;RUBEN VIERA;;BAHMAN;TERMINACION SORGO-19/08/2025;4;;Sorgo, grão úmido silagem;Vagão;1.804,00;1.804,00;0;0,00%;VERDE
08/09/2025;08:36:25;RUBEN VIERA;;SILOKING;RECRIA FEMEA 08/08/2025;2;;CAPIASU;Vagão;3.548,00;3.538,00;10;0,28%;VERDE
08/09/2025;08:25:42;RUBEN VIERA;;SILOKING;RECRIA FEMEA 08/08/2025;2;;MAIZ HUMIDO;Vagão;1.244,00;1.249,00;-5;-0,40%;VERDE
08/09/2025;08:17:30;RUBEN VIERA;;BAHMAN;CRECIMIENTO SORGO.19/08/2025;3;;Sorgo, grão úmido silagem;Vagão;1.488,00;1.488,00;0;0,00%;VERDE
08/09/2025;08:17:07;RUBEN VIERA;;BAHMAN;CRECIMIENTO SORGO.19/08/2025;3;;Sorgo, silagem;Vagão;4.407,00;4.397,00;10;0,23%;VERDE
08/09/2025;08:06:30;RUBEN VIERA;;BAHMAN;CRECIMIENTO SORGO.19/08/2025;3;;MAIZ HUMIDO;Vagão;1.665,00;1.665,00;0;0,00%;VERDE
08/09/2025;07:28:03;RUBEN VIERA;;SILOKING;RECRIA FEMEA 08/08/2025;1;;CAPIASU;Vagão;3.085,00;3.085,00;0;0,00%;VERDE
08/09/2025;07:23:11;RUBEN VIERA;;BAHMAN;CRECIMIENTO SORGO.19/08/2025;2;;Sorgo, grão úmido silagem;Vagão;1.488,00;1.488,00;0;0,00%;VERDE
08/09/2025;07:22:57;RUBEN VIERA;;BAHMAN;CRECIMIENTO SORGO.19/08/2025;2;;Sorgo, silagem;Vagão;4.397,00;4.397,00;0;0,00%;VERDE
08/09/2025;07:11:11;RUBEN VIERA;;SILOKING;RECRIA FEMEA 08/08/2025;1;;MAIZ HUMIDO;Vagão;1.089,00;1.089,00;0;0,00%;VERDE
08/09/2025;07:09:16;RUBEN VIERA;;BAHMAN;CRECIMIENTO SORGO.19/08/2025;2;;MAIZ HUMIDO;Vagão;1.665,00;1.665,00;0;0,00%;VERDE
08/09/2025;06:22:45;RUBEN VIERA;;BAHMAN;TERMINACION SORGO-19/08/2025;1;;Sorgo, silagem;Vagão;3.854,00;3.854,00;0;0,00%;VERDE
08/09/2025;06:09:28;RUBEN VIERA;;BAHMAN;TERMINACION SORGO-19/08/2025;1;;MAIZ HUMIDO;Vagão;1.905,00;1.905,00;0;0,00%;VERDE
08/09/2025;06:05:10;RUBEN VIERA;;BAHMAN;TERMINACION SORGO-19/08/2025;1;;Sorgo, grão úmido silagem;Vagão;1.804,00;1.804,00;0;0,00%;VERDE
Total: 425; ; ;; ; ; ;; ; ; ; ; ; ; 
jan/15;;;;;;;;;;;;;;
